id,web_name,team,element_type,gw_current,gw_next,selected_by_percent,now_cost,minutes,transfers_in,value_season,total_points,points_per_game,form,ep_this,ep_next,position,team_name,value
1,Balogun,1,4,21,22,0.2,44,0,10024,0.0,0,0.0,0.0,0.0,0.0,FWD,Arsenal,0.0
2,Cédric,1,2,21,22,0.4,39,0,35263,0.0,0,0.0,0.0,0.5,0.5,DEF,Arsenal,0.0
3,M.Elneny,1,3,21,22,0.1,44,1,12812,0.9,4,4.0,0.0,0.0,0.0,MID,Arsenal,0.9
4,Fábio Vieira,1,3,21,22,0.1,54,236,11478,3.9,21,2.6,0.0,0.2,0.2,MID,Arsenal,3.9
5,Gabriel,1,2,21,22,18.2,50,1544,1567709,15.0,75,3.9,7.2,7.7,5.8,DEF,Arsenal,15.0
6,Havertz,1,3,21,22,1.6,71,1236,94208,7.7,55,2.8,1.5,2.0,2.0,MID,Arsenal,7.7
8,G.Jesus,1,4,21,22,4.3,80,1014,981962,6.6,53,3.3,2.2,2.0,2.7,FWD,Arsenal,6.6
9,Jorginho,1,3,21,22,0.2,53,400,9143,3.6,19,1.6,1.0,1.5,1.5,MID,Arsenal,3.6
10,Kiwior,1,2,21,22,0.1,43,301,5364,3.3,14,1.6,0.5,1.0,1.0,DEF,Arsenal,3.3
11,Marquinhos,1,3,21,22,0.0,45,0,819,0.0,0,0.0,0.0,0.0,0.0,MID,Arsenal,0.0
12,Martinelli,1,3,21,22,5.6,77,1306,979376,9.2,71,3.7,5.8,6.3,6.3,MID,Arsenal,9.2
13,Nketiah,1,4,21,22,4.2,53,967,1550068,12.1,64,3.2,1.8,2.3,2.3,FWD,Arsenal,12.1
14,Ødegaard,1,3,21,22,17.3,85,1599,1849519,10.1,86,4.8,3.8,4.3,4.3,MID,Arsenal,10.1
15,Thomas,1,3,21,22,0.1,48,250,8586,1.5,7,1.8,0.0,0.0,0.0,MID,Arsenal,1.5
16,Pepe,1,3,21,22,0.0,49,0,667,0.0,0,0.0,0.0,0.0,0.0,MID,Arsenal,0.0
17,Ramsdale,1,1,21,22,6.1,46,450,264345,3.7,17,3.4,0.0,0.5,0.5,GKP,Arsenal,3.7
18,Rúnarsson,1,1,21,22,0.1,40,0,990,0.0,0,0.0,0.0,0.0,0.0,GKP,Arsenal,0.0
19,Saka,1,3,21,22,62.4,91,1753,4547735,12.1,110,5.5,3.2,3.7,3.7,MID,Arsenal,12.1
20,Saliba,1,2,21,22,37.4,56,1890,3536194,14.5,81,3.9,2.2,2.7,2.7,DEF,Arsenal,14.5
22,Smith Rowe,1,3,21,22,0.1,53,137,5214,2.3,12,1.7,0.5,1.0,1.0,MID,Arsenal,2.3
24,Tierney,1,2,21,22,0.1,44,0,2665,0.0,0,0.0,0.0,0.0,0.0,DEF,Arsenal,0.0
25,Tomiyasu,1,2,21,22,0.3,45,628,79464,8.7,39,3.0,0.2,0.0,0.0,DEF,Arsenal,8.7
26,Trossard,1,3,21,22,1.7,65,725,298090,8.5,55,3.2,3.0,3.5,3.5,MID,Arsenal,8.5
29,White,1,2,21,22,11.0,56,1565,1422189,13.4,75,3.8,2.2,2.7,2.7,DEF,Arsenal,13.4
30,Xhaka,1,3,21,22,0.0,60,0,0,0.0,0,0.0,0.0,0.0,0.0,MID,Arsenal,0.0
31,Zinchenko,1,2,21,22,10.4,52,1292,1459873,14.8,77,4.1,2.2,2.0,2.7,DEF,Arsenal,14.8
113,Raya,1,1,21,22,6.3,49,1440,786871,12.9,63,3.9,4.2,4.7,4.7,GKP,Arsenal,12.9
540,Rice,1,3,21,22,5.0,54,1815,488893,13.9,75,3.6,2.8,3.3,2.5,MID,Arsenal,13.9
578,Nelson,1,3,21,22,0.0,48,102,6340,1.7,8,0.9,0.2,0.7,0.7,MID,Arsenal,1.7
585,J.Timber,1,2,21,22,0.4,46,49,12334,0.0,0,0.0,0.0,0.0,0.0,DEF,Arsenal,0.0
646,Hein,1,1,21,22,0.1,40,0,4583,0.0,0,0.0,0.0,0.5,0.5,GKP,Arsenal,0.0
735,Sagoe,1,3,21,22,0.0,45,0,596,0.0,0,0.0,0.0,0.5,0.5,MID,Arsenal,0.0
736,Walters,1,2,21,22,0.0,40,0,2526,0.0,0,0.0,0.0,0.5,0.5,DEF,Arsenal,0.0
737,Ibrahim,1,3,21,22,0.0,45,0,522,0.0,0,0.0,0.0,0.5,0.5,MID,Arsenal,0.0
764,Lewis-Skelly,1,3,21,22,0.0,45,0,42,0.0,0,0.0,0.0,0.5,0.5,MID,Arsenal,0.0
772,Nwaneri,1,3,21,22,0.0,45,0,35,0.0,0,0.0,0.0,0.5,0.5,MID,Arsenal,0.0
32,Alex Moreno,2,2,21,22,1.5,50,355,209518,4.4,22,2.8,2.7,2.7,2.2,DEF,Aston Villa,4.4
34,Bailey,2,3,21,22,3.9,57,922,711329,13.5,77,4.1,4.3,4.3,3.8,MID,Aston Villa,13.5
35,Buendia,2,3,21,22,0.0,57,0,747,0.0,0,0.0,0.0,0.0,0.0,MID,Aston Villa,0.0
36,Cash,2,2,21,22,17.0,47,1278,3747354,10.9,51,2.8,0.3,0.3,-0.2,DEF,Aston Villa,10.9
37,Chambers,2,2,21,22,0.9,39,0,50411,0.0,0,0.0,0.0,0.0,-0.5,DEF,Aston Villa,0.0
38,Coutinho,2,3,21,22,0.2,58,24,4781,0.3,2,1.0,0.0,0.0,0.0,MID,Aston Villa,0.3
39,Davis,2,4,21,22,0.1,49,0,4950,0.0,0,0.0,0.0,0.0,0.0,FWD,Aston Villa,0.0
40,Dendoncker,2,3,21,22,0.0,49,118,3853,4.1,20,2.5,4.7,4.7,4.2,MID,Aston Villa,4.1
41,Diego Carlos,2,2,21,22,0.7,44,976,85746,7.0,31,2.1,2.0,2.0,1.5,DEF,Aston Villa,7.0
42,Digne,2,2,21,22,3.1,46,1521,985245,12.2,56,3.1,0.3,0.0,0.0,DEF,Aston Villa,12.2
43,Douglas Luiz,2,3,21,22,10.1,56,1743,2089576,17.3,97,4.8,5.0,5.0,4.5,MID,Aston Villa,17.3
44,Duran,2,4,21,22,0.2,50,174,50684,4.8,24,1.7,2.0,2.0,1.5,FWD,Aston Villa,4.8
45,Hause,2,2,21,22,0.2,39,0,13082,0.0,0,0.0,0.0,0.0,-0.5,DEF,Aston Villa,0.0
46,Iroegbunam,2,3,21,22,0.0,44,4,1539,0.2,1,1.0,0.3,0.3,-0.2,MID,Aston Villa,0.2
47,Kamara,2,3,21,22,0.1,50,1437,14537,6.8,34,2.0,1.0,1.0,0.5,MID,Aston Villa,6.8
48,Konsa,2,2,21,22,3.2,46,1848,388115,12.4,57,2.7,2.0,2.0,1.5,DEF,Aston Villa,12.4
49,Martinez,2,1,21,22,12.2,52,1800,1150834,13.5,70,3.5,4.0,4.0,3.5,GKP,Aston Villa,13.5
50,McGinn,2,3,21,22,1.9,56,1794,299768,14.5,81,3.9,3.7,3.7,3.2,MID,Aston Villa,14.5
51,Mings,2,2,21,22,1.2,41,30,10257,0.0,0,0.0,0.0,0.0,0.0,DEF,Aston Villa,0.0
53,Olsen,2,1,21,22,0.6,39,90,25480,0.5,2,2.0,0.0,0.0,-0.5,GKP,Aston Villa,0.5
54,Philogene,2,3,21,22,0.1,45,3,3755,0.2,1,1.0,0.0,0.0,0.0,MID,Aston Villa,0.2
55,J.Ramsey,2,3,21,22,0.1,59,478,16620,2.9,17,1.7,0.7,0.7,0.1,MID,Aston Villa,2.9
56,Sanson,2,3,21,22,0.0,45,0,0,0.0,0,0.0,0.0,0.0,0.0,MID,Aston Villa,0.0
57,Sinisalo,2,1,21,22,0.0,40,0,0,0.0,0,0.0,0.0,0.0,0.0,GKP,Aston Villa,0.0
58,Tielemans,2,3,21,22,0.4,56,581,22803,5.2,29,1.7,0.0,0.0,-0.5,MID,Aston Villa,5.2
59,Bertrand Traoré,2,3,21,22,0.0,50,10,1452,0.4,2,1.0,0.0,0.0,0.0,MID,Aston Villa,0.4
60,Watkins,2,4,21,22,55.9,89,1849,6282103,13.6,121,5.8,3.7,3.7,3.2,FWD,Aston Villa,13.6
61,Wesley,2,4,21,22,0.0,50,0,0,0.0,0,0.0,0.0,0.0,0.0,FWD,Aston Villa,0.0
584,Pau,2,2,21,22,4.8,47,1517,848341,13.0,61,3.4,0.3,0.2,-0.2,DEF,Aston Villa,13.0
599,Diaby,2,3,21,22,9.2,66,1349,2334128,13.3,88,4.2,3.7,3.7,3.2,MID,Aston Villa,13.3
618,Kellyman,2,3,21,22,0.1,45,0,6942,0.0,0,0.0,0.0,0.0,-0.5,MID,Aston Villa,0.0
670,Marschall,2,1,21,22,0.0,40,0,3154,0.0,0,0.0,0.0,0.0,-0.5,GKP,Aston Villa,0.0
672,Zaniolo,2,3,21,22,0.1,54,498,12977,3.3,18,1.3,0.7,0.7,0.2,MID,Aston Villa,3.3
686,Zych,2,1,21,22,0.1,40,0,6697,0.0,0,0.0,0.0,0.0,0.0,GKP,Aston Villa,0.0
699,Lenglet,2,2,21,22,0.1,45,331,16791,2.9,13,3.2,3.7,3.7,3.2,DEF,Aston Villa,2.9
765,Proctor,2,1,21,22,0.0,40,0,188,0.0,0,0.0,0.0,0.0,-0.5,GKP,Aston Villa,0.0
767,O'Reilly,2,3,21,22,0.0,45,0,139,0.0,0,0.0,0.0,0.0,-0.5,MID,Aston Villa,0.0
778,Wright,2,1,21,22,0.0,40,0,19,0.0,0,0.0,0.0,1.6,1.1,GKP,Aston Villa,0.0
62,Anthony,3,3,21,22,0.0,49,151,1618,0.6,3,1.0,0.0,0.0,0.0,MID,Bournemouth,0.6
63,Billing,3,3,21,22,0.4,52,1168,63935,9.8,51,2.7,2.0,1.5,2.0,MID,Bournemouth,9.8
64,Brooks,3,3,21,22,0.1,47,271,9379,4.9,23,1.8,1.8,1.3,1.8,MID,Bournemouth,4.9
65,Christie,3,3,21,22,0.1,50,1570,19940,9.8,49,2.5,2.0,1.5,2.0,MID,Bournemouth,9.8
66,L.Cook,3,3,21,22,0.0,50,1171,2663,6.2,31,2.1,1.0,0.5,1.0,MID,Bournemouth,6.2
67,Siriki,3,3,21,22,0.0,45,0,0,0.0,0,0.0,0.0,0.0,0.0,MID,Bournemouth,0.0
68,Fredericks,3,2,21,22,0.0,43,0,747,0.0,0,0.0,0.0,0.0,0.0,DEF,Bournemouth,0.0
69,Hill,3,2,21,22,0.1,40,69,6669,0.5,2,1.0,0.2,0.0,0.0,DEF,Bournemouth,0.5
70,Kelly,3,2,21,22,0.0,45,716,10956,4.4,20,2.0,0.0,0.0,0.0,DEF,Bournemouth,4.4
71,Kilkenny,3,3,21,22,0.1,43,0,8072,0.0,0,0.0,0.0,-0.5,0.0,MID,Bournemouth,0.0
72,Kluivert,3,3,21,22,0.4,46,872,59635,8.9,41,2.6,2.8,2.3,2.8,MID,Bournemouth,8.9
73,Lowe,3,3,21,22,0.0,49,0,81,0.0,0,0.0,0.0,0.0,0.0,MID,Bournemouth,0.0
74,Marcondes,3,3,21,22,0.0,43,0,9454,0.0,0,0.0,0.0,-0.5,0.0,MID,Bournemouth,0.0
75,Mepham,3,2,21,22,0.1,43,265,2251,0.9,4,0.7,0.0,-0.5,0.0,DEF,Bournemouth,0.9
76,Moore,3,4,21,22,0.2,46,100,19742,3.0,14,1.8,0.5,0.0,0.5,FWD,Bournemouth,3.0
77,Neto,3,1,21,22,3.5,46,1620,501218,15.2,70,3.9,3.2,2.7,3.2,GKP,Bournemouth,15.2
78,O.Dango,3,3,21,22,0.0,47,451,1147,3.4,16,1.2,1.5,0.0,0.0,MID,Bournemouth,3.4
79,Pearson,3,3,21,22,0.0,45,0,0,0.0,0,0.0,0.0,0.0,0.0,MID,Bournemouth,0.0
80,Randolph,3,1,21,22,0.4,40,0,8595,0.0,0,0.0,0.0,-0.5,0.0,GKP,Bournemouth,0.0
81,Rothwell,3,3,21,22,0.0,48,380,836,2.7,13,1.2,0.2,-0.3,0.0,MID,Bournemouth,2.7
82,Semenyo,3,4,21,22,2.1,45,843,698283,10.4,47,2.9,1.8,0.0,0.0,FWD,Bournemouth,10.4
83,Senesi,3,2,21,22,3.2,45,1205,646065,12.4,56,3.3,2.8,0.0,0.0,DEF,Bournemouth,12.4
84,Smith,3,2,21,22,0.2,44,740,21365,7.5,33,3.0,2.8,2.3,2.8,DEF,Bournemouth,7.5
85,Solanke,3,4,21,22,27.6,71,1777,3576751,14.1,100,5.0,6.8,6.3,6.8,FWD,Bournemouth,14.1
86,Tavernier,3,3,21,22,0.7,54,1260,183539,11.5,62,3.6,3.2,2.7,3.2,MID,Bournemouth,11.5
87,Hamed Traorè,3,3,21,22,0.0,47,44,619,0.6,3,1.0,0.0,0.0,0.0,MID,Bournemouth,0.6
88,Travers,3,1,21,22,0.1,40,0,548,0.0,0,0.0,0.0,-0.5,0.0,GKP,Bournemouth,0.0
89,Zabarnyi,3,2,21,22,0.2,44,1800,35538,9.5,42,2.1,2.2,1.7,2.2,DEF,Bournemouth,9.5
595,Kerkez,3,2,21,22,0.2,44,1160,36087,7.0,31,2.1,0.0,0.0,0.0,DEF,Bournemouth,7.0
607,Radu,3,1,21,22,0.1,44,180,5212,0.5,2,1.0,0.0,-0.5,0.0,GKP,Bournemouth,0.5
619,Greenwood,3,2,21,22,0.2,40,0,14460,0.0,0,0.0,0.0,-0.5,0.0,DEF,Bournemouth,0.0
643,Aarons,3,2,21,22,0.1,44,1084,29115,5.2,23,1.6,0.0,-0.5,0.0,DEF,Bournemouth,5.2
644,Scott,3,3,21,22,0.0,49,376,4275,3.9,19,2.7,4.0,3.5,4.0,MID,Bournemouth,3.9
673,Adams,3,3,21,22,0.0,49,0,652,0.0,0,0.0,0.0,0.0,0.0,MID,Bournemouth,0.0
705,Sinisterra,3,3,21,22,0.0,55,412,6797,5.3,29,2.2,2.5,2.0,2.5,MID,Bournemouth,5.3
90,Ajer,4,2,21,22,0.2,44,724,42488,5.2,23,1.9,0.3,0.1,0.3,DEF,Brentford,5.2
91,Balcombe,4,1,21,22,0.2,39,0,9568,0.0,0,0.0,0.0,0.0,0.0,GKP,Brentford,0.0
92,Baptiste,4,3,21,22,1.0,43,204,108444,3.0,13,2.2,0.3,0.3,0.3,MID,Brentford,3.0
93,Bech,4,2,21,22,0.1,40,0,2309,0.0,0,0.0,0.0,0.0,0.0,DEF,Brentford,0.0
94,Bidstrup,4,3,21,22,0.0,45,0,0,0.0,0,0.0,0.0,0.0,0.0,MID,Brentford,0.0
95,Canós,4,3,21,22,0.0,50,0,292,0.0,0,0.0,0.0,0.0,0.0,MID,Brentford,0.0
96,Collins,4,2,21,22,0.4,45,1283,108260,9.3,42,2.6,0.7,0.7,0.7,DEF,Brentford,9.3
97,Cox,4,1,21,22,0.0,40,0,0,0.0,0,0.0,0.0,0.0,0.0,GKP,Brentford,0.0
98,Damsgaard,4,3,21,22,0.0,48,306,1849,2.9,14,1.8,2.3,2.3,2.3,MID,Brentford,2.9
99,Dasilva,4,3,21,22,0.0,47,10,984,0.4,2,1.0,0.3,0.3,0.3,MID,Brentford,0.4
100,Dervişoğlu,4,4,21,22,0.0,45,0,0,0.0,0,0.0,0.0,0.0,0.0,FWD,Brentford,0.0
101,Flekken,4,1,21,22,2.5,45,1665,467933,10.9,49,2.6,1.0,1.0,1.0,GKP,Brentford,10.9
102,Goode,4,2,21,22,0.2,39,0,21233,0.0,0,0.0,0.0,0.0,0.0,DEF,Brentford,0.0
103,Henry,4,2,21,22,0.9,43,401,560007,3.0,13,2.6,0.0,0.0,0.0,DEF,Brentford,3.0
104,Hickey,4,2,21,22,0.1,44,713,23290,3.9,17,1.9,0.0,0.0,0.0,DEF,Brentford,3.9
105,Janelt,4,3,21,22,0.1,53,1635,10695,8.9,47,2.4,2.0,2.0,2.0,MID,Brentford,8.9
106,Jensen,4,3,21,22,0.8,54,1080,449516,12.2,66,4.4,2.7,2.7,2.7,MID,Brentford,12.2
107,Lewis-Potter,4,3,21,22,0.1,47,661,13784,7.7,36,2.6,3.7,3.7,3.7,MID,Brentford,7.7
108,Mbeumo,4,3,21,22,6.6,68,1286,4623962,12.8,87,5.8,0.0,0.0,0.0,MID,Brentford,12.8
109,Mee,4,2,21,22,1.5,48,762,190880,6.0,29,2.9,2.3,2.3,2.3,DEF,Brentford,6.0
110,Nørgaard,4,3,21,22,0.1,54,1546,20407,7.8,42,2.3,1.0,0.8,0.8,MID,Brentford,7.8
111,Onyeka,4,3,21,22,0.0,49,732,2689,4.1,20,1.2,0.3,0.0,0.0,MID,Brentford,4.1
112,Pinnock,4,2,21,22,3.4,46,1800,570740,11.1,51,2.5,0.7,0.7,0.7,DEF,Brentford,11.1
114,Roerslev,4,2,21,22,0.1,44,817,8295,6.4,28,1.8,3.0,3.0,3.0,DEF,Brentford,6.4
115,Schade,4,3,21,22,0.1,52,255,18637,3.7,19,3.8,0.0,0.0,0.0,MID,Brentford,3.7
116,Strakosha,4,1,21,22,1.9,39,135,273401,1.0,4,2.0,0.0,0.0,0.0,GKP,Brentford,1.0
117,Toney,4,4,21,22,3.5,80,90,403073,1.0,8,8.0,2.7,2.7,2.7,FWD,Brentford,1.0
118,Trevitt,4,3,21,22,0.0,45,0,236,0.0,0,0.0,0.0,0.0,0.0,MID,Brentford,0.0
119,Wissa,4,4,21,22,4.8,57,1543,2016398,11.4,65,3.4,3.0,0.0,0.0,FWD,Brentford,11.4
120,Yarmoliuk,4,3,21,22,0.6,43,346,56733,3.5,15,1.2,1.0,1.0,1.0,MID,Brentford,3.5
121,Zanka,4,2,21,22,0.1,43,187,2374,0.9,4,1.0,0.3,0.3,0.3,DEF,Brentford,0.9
258,Maupay,4,4,21,22,1.0,49,872,186319,9.6,47,2.8,4.0,4.0,4.0,FWD,Brentford,9.6
508,Reguilón,4,2,21,22,0.3,44,425,154572,4.3,19,1.9,0.8,0.8,0.0,DEF,Brentford,4.3
620,Olakigbe,4,3,21,22,0.0,45,51,3338,1.8,8,1.0,0.7,0.7,0.7,MID,Brentford,1.8
684,Brierley,4,3,21,22,0.0,45,0,1729,0.0,0,0.0,0.0,0.0,0.0,MID,Brentford,0.0
701,Ghoddos,4,3,21,22,0.0,45,691,13136,4.7,21,1.5,1.0,0.0,0.0,MID,Brentford,4.7
725,Kim Ji-Soo,4,2,21,22,0.0,40,0,3174,0.0,0,0.0,0.0,0.0,0.0,DEF,Brentford,0.0
733,Adedokun,4,2,21,22,0.0,40,0,2505,0.0,0,0.0,0.0,0.0,0.0,DEF,Brentford,0.0
744,Peart-Harris,4,3,21,22,0.0,45,11,198,0.7,3,1.0,0.3,0.3,0.3,MID,Brentford,0.7
752,Angelini,4,1,21,22,0.0,40,0,676,0.0,0,0.0,0.0,0.0,0.0,GKP,Brentford,0.0
122,Adingra,5,3,21,22,0.4,50,1139,247947,11.2,56,3.3,0.0,0.0,0.0,MID,Brighton,11.2
123,Alzate,5,3,21,22,0.0,44,0,2752,0.0,0,0.0,0.0,0.0,0.0,MID,Brighton,0.0
124,Ayari,5,3,21,22,0.0,45,0,483,0.0,0,0.0,0.0,0.0,0.0,MID,Brighton,0.0
125,Buonanotte,5,3,21,22,0.0,47,500,5684,4.3,20,1.7,1.0,1.0,1.5,MID,Brighton,4.3
127,Connolly,5,4,21,22,0.0,45,0,0,0.0,0,0.0,0.0,0.0,0.0,FWD,Brighton,0.0
128,Dahoud,5,3,21,22,0.1,48,449,8495,2.9,14,1.6,0.0,0.0,0.5,MID,Brighton,2.9
129,Dunk,5,2,21,22,2.8,50,1416,375745,4.6,23,1.4,0.0,0.0,0.5,DEF,Brighton,4.6
130,Enciso,5,3,21,22,0.4,50,68,46653,1.6,8,4.0,0.0,0.0,0.0,MID,Brighton,1.6
131,Estupiñan,5,2,21,22,26.2,51,630,3247193,7.3,37,4.6,4.0,4.0,4.5,DEF,Brighton,7.3
132,Ferguson,5,4,21,22,5.2,59,957,1284986,9.7,57,3.2,1.7,1.7,2.2,FWD,Brighton,9.7
133,Gilmour,5,3,21,22,0.3,49,1275,84913,9.0,44,2.3,1.7,1.7,2.2,MID,Brighton,9.0
134,Gross,5,3,21,22,6.6,65,1551,905727,12.6,82,4.6,1.7,1.7,2.2,MID,Brighton,12.6
135,João Pedro,5,4,21,22,13.7,55,1138,1893035,12.9,71,3.5,6.0,6.0,6.5,FWD,Brighton,12.9
136,Karbownik,5,2,21,22,0.0,40,0,0,0.0,0,0.0,0.0,0.0,0.0,DEF,Brighton,0.0
137,Kozłowski,5,3,21,22,0.0,45,0,0,0.0,0,0.0,0.0,0.0,0.0,MID,Brighton,0.0
138,Lallana,5,3,21,22,0.0,49,496,4792,3.7,18,1.3,0.7,0.7,1.2,MID,Brighton,3.7
139,Lamptey,5,2,21,22,3.8,39,171,676048,2.3,9,1.8,0.0,0.0,0.0,DEF,Brighton,2.3
140,March,5,3,21,22,2.2,61,555,1021650,6.4,39,5.6,0.0,0.0,0.0,MID,Brighton,6.4
141,McGill,5,1,21,22,0.3,39,0,19648,0.0,0,0.0,0.0,0.0,0.5,GKP,Brighton,0.0
142,Milner,5,3,21,22,0.1,48,679,8634,5.0,24,1.8,3.0,3.0,3.5,MID,Brighton,5.0
143,Mitoma,5,3,21,22,14.3,64,1320,2897366,9.8,63,3.7,0.0,0.0,0.0,MID,Brighton,9.8
144,Moder,5,3,21,22,0.1,44,63,7064,0.9,4,0.8,0.3,0.3,0.8,MID,Brighton,0.9
146,Sarmiento,5,3,21,22,0.0,45,0,0,0.0,0,0.0,0.0,0.0,0.0,MID,Brighton,0.0
147,Scherpen,5,1,21,22,0.0,40,0,0,0.0,0,0.0,0.0,0.0,0.0,GKP,Brighton,0.0
148,Steele,5,1,21,22,2.0,42,990,150989,6.4,27,2.5,3.0,3.0,3.5,GKP,Brighton,6.4
149,Undav,5,4,21,22,0.0,55,0,0,0.0,0,0.0,0.0,0.0,0.0,FWD,Brighton,0.0
150,Van Hecke,5,2,21,22,2.2,40,1198,311929,7.2,29,1.9,3.0,3.0,3.5,DEF,Brighton,7.2
151,Veltman,5,2,21,22,0.5,43,908,98661,4.7,20,1.2,0.0,0.0,0.0,DEF,Brighton,4.7
152,Verbruggen,5,1,21,22,0.4,44,810,36068,4.5,20,2.2,0.0,0.0,0.5,GKP,Brighton,4.5
153,Webster,5,2,21,22,0.2,42,613,17696,2.6,11,1.6,2.0,2.0,2.5,DEF,Brighton,2.6
154,Welbeck,5,4,21,22,0.7,57,597,89052,5.4,31,2.6,2.3,2.3,2.8,FWD,Brighton,5.4
155,Zeqiri,5,4,21,22,0.5,44,0,25876,0.0,0,0.0,0.0,0.0,0.0,FWD,Brighton,0.0
606,Igor,5,2,21,22,0.1,43,702,17779,3.0,13,1.2,0.3,0.1,0.4,DEF,Brighton,3.0
621,Hinshelwood,5,3,21,22,0.1,45,616,20635,6.7,30,3.3,4.0,4.0,4.5,MID,Brighton,6.7
690,Baleba,5,3,21,22,0.1,45,550,16387,2.9,13,1.1,0.3,0.3,0.8,MID,Brighton,2.9
700,Ansu Fati,5,3,21,22,0.3,64,286,178037,3.3,21,2.3,0.0,0.0,0.0,MID,Brighton,3.3
741,O’Mahony,5,4,21,22,0.0,45,0,3522,0.0,0,0.0,0.0,0.0,0.5,FWD,Brighton,0.0
742,Baker-Boaitey,5,3,21,22,0.0,45,12,562,0.4,2,1.0,0.0,0.0,0.5,MID,Brighton,0.4
746,Jackson,5,2,21,22,0.0,40,0,2354,0.0,0,0.0,0.0,0.0,0.5,DEF,Brighton,0.0
747,Duffus,5,3,21,22,0.0,44,0,335,0.0,0,0.0,0.0,0.0,0.5,MID,Brighton,0.0
753,Kavanagh,5,2,21,22,0.0,40,0,530,0.0,0,0.0,0.0,0.0,0.5,DEF,Brighton,0.0
755,Barrington,5,3,21,22,0.0,45,0,199,0.0,0,0.0,0.0,0.0,0.5,MID,Brighton,0.0
156,Agyei,6,3,21,22,0.2,42,0,33872,0.0,0,0.0,0.0,0.5,-1.0,MID,Burnley,0.0
157,Al-Dakhil,6,2,21,22,0.8,38,965,135193,3.2,12,1.0,0.5,1.0,-0.5,DEF,Burnley,3.2
158,Bastien,6,3,21,22,0.0,49,0,326,0.0,0,0.0,0.0,0.0,0.0,MID,Burnley,0.0
159,Benson,6,3,21,22,0.1,52,73,2131,0.8,4,1.0,0.0,0.5,-1.0,MID,Burnley,0.8
160,Beyer,6,2,21,22,1.4,40,1234,100622,7.5,30,2.0,1.8,1.7,0.6,DEF,Burnley,7.5
161,Brownhill,6,3,21,22,0.3,47,1589,59240,11.1,52,2.6,2.2,2.7,1.2,MID,Burnley,11.1
162,Churlinov,6,3,21,22,0.0,44,0,1358,0.0,0,0.0,0.0,0.5,-1.0,MID,Burnley,0.0
163,Cork,6,3,21,22,0.0,48,17,753,0.4,2,1.0,0.2,0.7,-0.8,MID,Burnley,0.4
164,Costelloe,6,3,21,22,0.0,45,0,101,0.0,0,0.0,0.0,0.0,0.0,MID,Burnley,0.0
165,Cullen,6,3,21,22,0.1,50,934,7380,4.0,20,1.7,0.5,1.0,-0.5,MID,Burnley,4.0
166,Egan-Riley,6,2,21,22,0.2,39,0,22954,0.0,0,0.0,0.0,0.5,-1.0,DEF,Burnley,0.0
167,Ekdal,6,2,21,22,0.1,39,195,9532,1.3,5,1.2,0.5,0.2,-0.5,DEF,Burnley,1.3
168,Foster,6,4,21,22,0.5,48,982,270163,10.2,49,4.1,3.8,3.2,2.8,FWD,Burnley,10.2
169,Franchi,6,1,21,22,0.1,39,0,10361,0.0,0,0.0,0.0,0.5,-1.0,GKP,Burnley,0.0
170,Gudmundsson,6,3,21,22,0.0,48,826,3666,5.6,27,1.9,2.2,2.7,1.2,MID,Burnley,5.6
171,McNally,6,2,21,22,0.0,40,0,0,0.0,0,0.0,0.0,0.0,0.0,DEF,Burnley,0.0
172,Muric,6,1,21,22,0.1,43,0,2045,0.0,0,0.0,0.0,0.5,-1.0,GKP,Burnley,0.0
173,O'Shea,6,2,21,22,0.3,44,1477,24904,7.5,33,1.9,3.0,3.5,2.0,DEF,Burnley,7.5
174,Obafemi,6,4,21,22,0.0,49,19,3457,0.4,2,1.0,0.0,0.5,-1.0,FWD,Burnley,0.4
175,Peacock-Farrell,6,1,21,22,0.0,40,0,0,0.0,0,0.0,0.0,0.0,0.0,GKP,Burnley,0.0
176,Roberts,6,2,21,22,0.2,43,786,14928,2.8,12,0.9,0.8,1.3,-0.2,DEF,Burnley,2.8
177,Rodriguez,6,4,21,22,0.3,53,695,51254,6.2,33,2.5,0.2,0.7,-0.8,FWD,Burnley,6.2
178,Taylor,6,2,21,22,4.9,40,1440,809004,8.5,34,2.1,1.8,1.7,0.6,DEF,Burnley,8.5
179,Thomas,6,2,21,22,0.0,40,0,0,0.0,0,0.0,0.0,0.0,0.0,DEF,Burnley,0.0
180,Twine,6,3,21,22,0.0,49,0,119,0.0,0,0.0,0.0,0.0,0.0,MID,Burnley,0.0
181,Vigouroux,6,1,21,22,0.3,39,0,17054,0.0,0,0.0,0.0,0.5,-1.0,GKP,Burnley,0.0
182,Vitinho,6,2,21,22,0.2,44,1225,11446,6.4,28,1.9,2.5,3.0,1.5,DEF,Burnley,6.4
183,Weghorst,6,4,21,22,0.0,55,0,0,0.0,0,0.0,0.0,0.0,0.0,FWD,Burnley,0.0
184,Zaroury,6,3,21,22,0.0,47,135,1892,0.6,3,0.6,0.0,0.5,-1.0,MID,Burnley,0.6
200,D.D.Fofana,6,4,21,22,0.0,50,0,151,0.0,0,0.0,0.0,0.0,-1.0,FWD,Burnley,0.0
475,Berge,6,3,21,22,0.1,47,1472,13231,8.7,41,2.0,2.0,2.5,1.0,MID,Burnley,8.7
594,Amdouni,6,4,21,22,0.3,53,1452,94538,11.9,63,3.1,5.0,5.5,4.0,FWD,Burnley,11.9
596,Trafford,6,1,21,22,1.1,45,1890,93908,13.1,59,2.8,4.0,4.5,3.0,GKP,Burnley,13.1
600,Redmond,6,3,21,22,0.0,47,132,780,2.3,11,0.9,0.5,1.0,-0.5,MID,Burnley,2.3
605,Koleosho,6,3,21,22,0.1,48,972,42701,8.3,40,2.7,0.0,0.0,0.0,MID,Burnley,8.3
608,Bruun Larsen,6,3,21,22,0.0,49,452,3107,6.3,31,1.8,0.8,1.3,-0.2,MID,Burnley,6.3
622,Dodgson,6,2,21,22,0.0,40,0,467,0.0,0,0.0,0.0,0.0,0.0,DEF,Burnley,0.0
660,Odobert,6,3,21,22,0.1,50,649,12774,8.0,40,3.3,5.2,5.7,4.2,MID,Burnley,8.0
674,Delcroix,6,2,21,22,0.0,40,382,4972,1.5,6,0.7,0.5,1.0,-0.5,DEF,Burnley,1.5
675,A.Ramsey,6,3,21,22,0.0,50,287,9678,2.4,12,1.2,0.5,1.0,-0.5,MID,Burnley,2.4
694,Massengo,6,3,21,22,0.0,50,0,412,0.0,0,0.0,0.0,0.5,-1.0,MID,Burnley,0.0
706,M.Trésor,6,3,21,22,0.0,54,397,4893,3.3,18,1.3,1.2,1.7,0.2,MID,Burnley,3.3
126,Caicedo,7,3,21,22,1.2,45,1453,107852,7.6,34,1.9,1.5,1.5,1.0,MID,Chelsea,7.6
145,Sanchez,7,1,21,22,3.5,46,1433,996446,12.8,59,3.7,0.0,0.0,0.0,GKP,Chelsea,12.8
185,Ampadu,7,2,21,22,0.0,40,0,0,0.0,0,0.0,0.0,0.0,0.0,DEF,Chelsea,0.0
186,Andrey,7,3,21,22,0.1,43,7,14726,0.2,1,1.0,0.0,0.0,-0.5,MID,Chelsea,0.2
187,Arrizabalaga,7,1,21,22,0.2,50,0,1775,0.0,0,0.0,0.0,0.0,0.0,GKP,Chelsea,0.0
188,Aubameyang,7,4,21,22,0.0,65,0,0,0.0,0,0.0,0.0,0.0,0.0,FWD,Chelsea,0.0
189,Azpilicueta,7,2,21,22,0.0,45,0,0,0.0,0,0.0,0.0,0.0,0.0,DEF,Chelsea,0.0
190,Baba,7,2,21,22,0.0,40,0,0,0.0,0,0.0,0.0,0.0,0.0,DEF,Chelsea,0.0
191,B.Badiashile,7,2,21,22,0.1,44,460,21588,3.9,17,2.8,0.8,0.8,0.3,DEF,Chelsea,3.9
192,Bettinelli,7,1,21,22,0.0,40,0,1958,-0.2,-1,0.0,-0.2,-0.2,-0.7,GKP,Chelsea,-0.2
193,Broja,7,4,21,22,0.2,49,448,81634,4.9,24,1.8,1.5,1.5,1.0,FWD,Chelsea,4.9
194,Chalobah,7,2,21,22,0.0,43,0,823,0.0,0,0.0,0.0,0.0,-0.2,DEF,Chelsea,0.0
195,Chilwell,7,2,21,22,4.9,54,347,2131395,3.0,16,2.3,0.2,0.2,-0.3,DEF,Chelsea,3.0
196,Chukwuemeka,7,3,21,22,1.0,42,126,263197,1.7,7,2.3,0.2,0.2,-0.3,MID,Chelsea,1.7
197,Colwill,7,2,21,22,7.0,47,1597,1163908,13.0,61,3.0,2.8,2.8,2.3,DEF,Chelsea,13.0
198,Cucurella,7,2,21,22,0.4,48,703,54905,2.1,10,1.1,0.0,0.0,0.0,DEF,Chelsea,2.1
199,Enzo,7,3,21,22,2.2,48,1352,349189,9.8,47,2.6,0.8,0.8,0.3,MID,Chelsea,9.8
201,W.Fofana,7,2,21,22,0.0,44,0,782,0.0,0,0.0,0.0,0.0,0.0,DEF,Chelsea,0.0
202,Gallagher,7,3,21,22,0.5,54,1687,87995,10.4,56,2.8,1.8,1.8,1.3,MID,Chelsea,10.4
203,Gusto,7,2,21,22,7.5,42,888,2201647,9.3,39,2.8,3.5,3.5,3.0,DEF,Chelsea,9.3
206,James,7,2,21,22,3.0,53,386,507369,1.7,9,1.1,0.0,0.0,0.0,DEF,Chelsea,1.7
207,Lukaku,7,4,21,22,0.3,68,0,9006,0.0,0,0.0,0.0,0.0,0.0,FWD,Chelsea,0.0
208,Madueke,7,3,21,22,0.2,53,252,21704,4.2,22,2.2,3.8,3.8,3.3,MID,Chelsea,4.2
210,Mudryk,7,3,21,22,1.0,63,800,150933,8.6,54,3.2,2.2,2.2,1.7,MID,Chelsea,8.6
211,N.Jackson,7,4,21,22,4.5,69,1449,1631476,9.6,66,3.5,2.0,0.0,0.0,FWD,Chelsea,9.6
212,Nkunku,7,4,21,22,2.0,74,130,435851,1.4,10,3.3,2.5,0.0,0.0,FWD,Chelsea,1.4
213,Pulisic,7,3,21,22,0.0,55,0,0,0.0,0,0.0,0.0,0.0,0.0,MID,Chelsea,0.0
214,M.Sarr,7,2,21,22,0.1,43,0,4742,0.0,0,0.0,0.0,0.0,-0.5,DEF,Chelsea,0.0
215,Slonina,7,1,21,22,0.0,40,0,0,0.0,0,0.0,0.0,0.0,0.0,GKP,Chelsea,0.0
216,Sterling,7,3,21,22,8.3,71,1495,3031990,12.3,87,4.6,2.5,2.5,2.0,MID,Chelsea,12.3
217,T.Silva,7,2,21,22,4.0,50,1742,398014,11.2,56,2.8,2.0,2.0,1.5,DEF,Chelsea,11.2
218,Ziyech,7,3,21,22,0.1,54,0,1010,0.0,0,0.0,0.0,0.0,0.0,MID,Chelsea,0.0
362,Palmer,7,3,21,22,36.7,58,1240,4672138,17.6,102,5.7,7.2,7.2,6.7,MID,Chelsea,17.6
589,Ângelo,7,3,21,22,0.0,50,0,0,0.0,0,0.0,0.0,0.0,0.0,MID,Chelsea,0.0
609,Maatsen,7,3,21,22,0.0,51,200,3375,2.2,11,0.9,0.5,0.0,0.0,MID,Chelsea,2.2
611,Disasi,7,2,21,22,3.8,49,1686,961003,11.4,56,2.9,2.2,2.2,1.7,DEF,Chelsea,11.4
613,Ugochukwu,7,3,21,22,0.2,44,269,44546,2.5,11,1.1,0.2,0.0,0.0,MID,Chelsea,2.5
623,Burstow,7,4,21,22,0.1,45,8,4401,0.4,2,1.0,0.0,0.0,0.0,FWD,Chelsea,0.4
659,Bergström,7,1,21,22,0.0,39,0,1895,0.0,0,0.0,0.0,0.0,-0.5,GKP,Chelsea,0.0
667,Lavia,7,3,21,22,0.0,49,32,1428,0.2,1,1.0,0.2,0.0,0.0,MID,Chelsea,0.2
671,Humphreys,7,2,21,22,0.0,40,0,629,0.0,0,0.0,0.0,0.0,0.0,DEF,Chelsea,0.0
677,Deivid,7,4,21,22,0.1,45,9,10354,0.2,1,1.0,0.0,0.0,-0.5,FWD,Chelsea,0.2
680,Beach,7,1,21,22,0.0,40,0,1449,0.0,0,0.0,0.0,0.0,0.0,GKP,Chelsea,0.0
681,Diego Moreira,7,3,21,22,0.0,45,0,236,0.0,0,0.0,0.0,0.0,0.0,MID,Chelsea,0.0
687,Petrović,7,1,21,22,1.1,45,456,138111,5.3,24,4.0,4.2,4.2,3.7,GKP,Chelsea,5.3
716,Gilchrist,7,2,21,22,0.0,40,3,2419,0.8,3,1.0,0.8,0.8,0.3,DEF,Chelsea,0.8
717,Stutter,7,4,21,22,0.0,45,0,5206,0.0,0,0.0,0.0,0.0,-0.5,FWD,Chelsea,0.0
718,Matos,7,3,21,22,0.0,45,1,1272,0.2,1,1.0,0.0,0.0,0.0,MID,Chelsea,0.2
723,Brooking,7,2,21,22,0.0,40,0,1525,0.0,0,0.0,0.0,0.0,-0.5,DEF,Chelsea,0.0
758,Castledine,7,3,21,22,0.0,45,0,154,0.0,0,0.0,0.0,0.0,-0.5,MID,Chelsea,0.0
7,Holding,8,2,21,22,0.1,43,0,5386,0.0,0,0.0,0.0,-0.2,0.1,DEF,Crystal Palace,0.0
219,Ahamada,8,3,21,22,0.6,43,137,163763,2.3,10,0.9,0.3,-0.2,0.8,MID,Crystal Palace,2.3
220,Andersen,8,2,21,22,16.3,49,1890,3002435,14.1,69,3.3,1.0,0.5,1.5,DEF,Crystal Palace,14.1
221,J.Ayew,8,3,21,22,0.3,54,1546,100712,11.1,60,3.2,3.3,0.0,0.0,MID,Crystal Palace,11.1
222,Clyne,8,2,21,22,0.1,44,716,8228,4.1,18,1.8,1.3,0.8,1.8,DEF,Crystal Palace,4.1
223,C.Doucouré,8,3,21,22,0.1,49,920,11511,4.3,21,1.9,0.0,0.0,0.0,MID,Crystal Palace,4.3
224,Ebiowei,8,3,21,22,0.0,44,0,2193,0.0,0,0.0,0.0,-0.5,0.5,MID,Crystal Palace,0.0
225,Edouard,8,4,21,22,1.6,54,1243,978123,10.9,59,3.9,0.0,-0.5,0.5,FWD,Crystal Palace,10.9
226,Eze,8,3,21,22,3.2,60,1083,641494,8.5,51,3.4,4.3,3.8,4.8,MID,Crystal Palace,8.5
227,Guaita,8,1,21,22,0.2,44,0,2528,0.0,0,0.0,0.0,0.0,0.0,GKP,Crystal Palace,0.0
228,Guéhi,8,2,21,22,3.4,45,1796,636949,12.7,57,2.9,2.3,1.8,2.8,DEF,Crystal Palace,12.7
229,Hughes,8,3,21,22,0.0,49,1034,2069,5.7,28,1.8,1.0,0.5,1.5,MID,Crystal Palace,5.7
230,Johnstone,8,1,21,22,2.4,45,1436,704294,12.4,56,3.5,0.0,-0.2,0.5,GKP,Crystal Palace,12.4
231,Lerma,8,3,21,22,0.1,47,1395,10766,8.1,38,2.4,2.0,1.5,2.5,MID,Crystal Palace,8.1
232,Mateta,8,4,21,22,0.7,49,888,186032,10.2,50,2.8,2.0,1.5,2.5,FWD,Crystal Palace,10.2
233,Matthews,8,1,21,22,0.1,39,3,6401,0.3,1,1.0,0.0,-0.5,0.5,GKP,Crystal Palace,0.3
234,Mitchell,8,2,21,22,3.5,47,1717,988551,13.2,62,3.1,2.0,1.5,2.5,DEF,Crystal Palace,13.2
235,O'Brien,8,2,21,22,0.0,40,0,415,0.0,0,0.0,0.0,0.0,0.0,DEF,Crystal Palace,0.0
236,Olise,8,3,21,22,1.4,59,675,265708,9.3,55,6.1,8.0,3.8,2.1,MID,Crystal Palace,9.3
237,Plange,8,4,21,22,0.0,45,0,0,0.0,0,0.0,0.0,0.0,0.0,FWD,Crystal Palace,0.0
238,C.Richards,8,2,21,22,0.6,39,831,66702,3.1,12,1.0,0.7,0.2,1.2,DEF,Crystal Palace,3.1
239,Riedewald,8,3,21,22,0.1,43,174,8089,1.6,7,1.8,0.0,-0.5,0.5,MID,Crystal Palace,1.6
240,Schlupp,8,3,21,22,0.1,49,1155,16761,9.2,45,2.5,1.3,0.8,1.8,MID,Crystal Palace,9.2
241,Tomkins,8,2,21,22,0.4,40,4,21288,0.2,1,0.5,0.0,-0.5,0.5,DEF,Crystal Palace,0.2
242,Ward,8,2,21,22,0.2,45,1332,33544,8.0,36,2.2,0.0,0.0,0.0,DEF,Crystal Palace,8.0
243,Whitworth,8,1,21,22,1.0,39,0,24033,0.0,0,0.0,0.0,-0.5,0.5,GKP,Crystal Palace,0.0
385,Henderson,8,1,21,22,0.3,44,450,38247,1.6,7,1.4,0.7,0.2,1.2,GKP,Crystal Palace,1.6
615,Matheus França,8,3,21,22,0.0,48,59,937,1.2,6,1.0,1.0,0.5,1.5,MID,Crystal Palace,1.2
657,Rak-Sakyi,8,3,21,22,0.0,45,132,5168,1.8,8,1.3,0.0,0.0,0.5,MID,Crystal Palace,1.8
658,Gordon,8,4,21,22,0.0,45,0,7045,0.0,0,0.0,0.0,0.0,0.0,FWD,Crystal Palace,0.0
720,Ola-Adebomi,8,4,21,22,0.0,45,0,5673,0.0,0,0.0,0.0,-0.5,0.5,FWD,Crystal Palace,0.0
721,Ozoh,8,3,21,22,0.0,45,113,982,0.9,4,0.8,0.3,-0.2,0.8,MID,Crystal Palace,0.9
724,Raymond,8,3,21,22,0.0,45,0,688,0.0,0,0.0,0.0,-0.5,0.5,MID,Crystal Palace,0.0
763,Adaramola,8,2,21,22,0.0,40,0,817,0.0,0,0.0,0.0,-0.5,0.5,DEF,Crystal Palace,0.0
244,André Gomes,9,3,21,22,0.1,44,157,10571,2.0,9,3.0,2.2,2.2,2.2,MID,Everton,2.0
245,Branthwaite,9,2,21,22,3.3,41,1620,498648,12.4,51,2.8,2.0,2.0,2.0,DEF,Everton,12.4
246,Calvert-Lewin,9,4,21,22,0.9,58,1135,350488,8.1,47,2.8,1.8,1.8,1.8,FWD,Everton,8.1
247,Coleman,9,2,21,22,0.0,44,183,2572,3.0,13,4.3,1.8,1.8,1.8,DEF,Everton,3.0
248,Dele,9,3,21,22,0.0,48,0,730,0.0,0,0.0,0.0,0.0,0.0,MID,Everton,0.0
249,A.Doucoure,9,3,21,22,0.7,55,1532,383525,14.4,79,4.4,0.8,0.6,0.8,MID,Everton,14.4
250,Garner,9,3,21,22,0.1,49,1696,28694,10.6,52,2.6,2.2,2.2,2.2,MID,Everton,10.6
251,Gbamin,9,3,21,22,0.0,44,0,330,0.0,0,0.0,0.0,0.0,0.0,MID,Everton,0.0
252,Godfrey,9,2,21,22,0.1,43,91,5530,1.6,7,3.5,0.0,0.0,0.0,DEF,Everton,1.6
253,Gray,9,3,21,22,0.1,53,0,1890,0.0,0,0.0,0.0,0.0,0.0,MID,Everton,0.0
254,Gana,9,3,21,22,0.0,48,1013,3372,5.4,26,1.9,0.0,0.0,0.0,MID,Everton,5.4
255,Holgate,9,2,21,22,0.4,40,0,4656,0.0,0,0.0,0.0,0.0,0.0,DEF,Everton,0.0
257,Keane,9,2,21,22,0.2,43,403,15663,4.2,18,2.6,0.5,0.5,0.5,DEF,Everton,4.2
259,McNeil,9,3,21,22,0.5,54,1392,102771,11.7,63,3.5,2.2,0.6,2.2,MID,Everton,11.7
260,Mykolenko,9,2,21,22,5.7,46,1437,876631,15.4,71,4.4,2.2,2.2,2.2,DEF,Everton,15.4
261,Onana,9,3,21,22,0.2,47,1403,19429,8.9,42,2.5,2.0,2.0,2.0,MID,Everton,8.9
262,Patterson,9,2,21,22,0.2,44,945,22900,7.5,33,1.8,0.0,0.0,0.0,DEF,Everton,7.5
263,Pickford,9,1,21,22,9.5,45,1890,648103,17.1,77,3.7,3.8,3.8,3.8,GKP,Everton,17.1
264,Simms,9,4,21,22,0.0,45,0,0,0.0,0,0.0,0.0,0.0,0.0,FWD,Everton,0.0
265,Tarkowski,9,2,21,22,5.8,45,1890,839385,15.8,71,3.4,1.8,1.8,1.8,DEF,Everton,15.8
266,J.Virginia,9,1,21,22,0.5,39,0,49628,0.0,0,0.0,0.0,0.0,0.0,GKP,Everton,0.0
579,Lonergan,9,1,21,22,0.1,39,0,2383,0.0,0,0.0,0.0,0.0,0.0,GKP,Everton,0.0
588,Young,9,2,21,22,0.3,44,1209,30437,5.9,26,1.7,0.0,0.0,0.0,DEF,Everton,5.9
601,Danjuma,9,3,21,22,0.1,52,498,29842,4.4,23,1.8,1.5,1.5,1.5,MID,Everton,4.4
624,Dobbin,9,3,21,22,0.1,45,167,10191,2.9,13,2.2,0.0,0.0,0.0,MID,Everton,2.9
645,Y. Chermiti,9,4,21,22,0.1,48,46,5871,1.2,6,0.9,0.0,0.0,0.0,FWD,Everton,1.2
649,Cannon,9,4,21,22,0.0,45,1,2480,0.2,1,1.0,0.0,0.0,0.0,FWD,Everton,0.2
650,Onyango,9,3,21,22,0.0,45,1,1542,0.2,1,1.0,0.0,0.0,0.0,MID,Everton,0.2
661,Harrison,9,3,21,22,0.2,55,1206,39725,10.4,57,3.8,3.5,3.5,3.5,MID,Everton,10.4
691,Beto,9,4,21,22,0.1,57,532,61272,4.2,24,1.5,1.2,1.2,1.2,FWD,Everton,4.2
719,Hunt,9,3,21,22,0.0,45,0,952,0.0,0,0.0,0.0,0.0,0.0,MID,Everton,0.0
760,Metcalfe,9,3,21,22,0.0,45,0,63,0.0,0,0.0,0.0,0.0,0.0,MID,Everton,0.0
761,Campbell,9,2,21,22,0.0,40,0,511,0.0,0,0.0,0.0,0.0,0.0,DEF,Everton,0.0
256,Iwobi,10,3,21,22,0.5,53,1245,137730,10.0,53,2.9,1.5,0.0,0.0,MID,Fulham,10.0
267,Andreas,10,3,21,22,1.0,53,1400,246309,12.6,67,3.2,1.5,1.5,1.5,MID,Fulham,12.6
268,Cairney,10,3,21,22,0.1,49,906,11743,10.2,50,2.6,3.0,3.0,3.0,MID,Fulham,10.2
269,I.Cavaleiro,10,3,21,22,0.0,50,0,0,0.0,0,0.0,0.0,0.0,0.0,MID,Fulham,0.0
270,De Cordova-Reid,10,3,21,22,0.1,53,863,29271,10.2,54,2.8,3.5,3.5,3.5,MID,Fulham,10.2
271,Diop,10,2,21,22,0.4,44,890,86441,6.1,27,2.5,0.8,0.8,0.8,DEF,Fulham,6.1
272,Francois,10,3,21,22,0.0,44,0,2279,0.0,0,0.0,0.0,0.0,0.0,MID,Fulham,0.0
273,Knockaert,10,3,21,22,0.0,44,0,941,0.0,0,0.0,0.0,0.0,0.0,MID,Fulham,0.0
274,Kongolo,10,2,21,22,0.1,40,0,1162,0.0,0,0.0,0.0,0.0,0.0,DEF,Fulham,0.0
275,Leno,10,1,21,22,16.1,48,1890,1695922,15.2,73,3.5,1.0,1.0,1.0,GKP,Fulham,15.2
276,Lukić,10,3,21,22,0.3,43,392,68997,3.7,16,1.3,0.5,0.5,0.5,MID,Fulham,3.7
277,Mbabu,10,2,21,22,0.2,40,0,4952,0.0,0,0.0,0.0,0.0,0.0,DEF,Fulham,0.0
278,Mitrović,10,4,21,22,0.7,74,32,15553,0.1,1,1.0,0.0,0.0,0.0,FWD,Fulham,0.1
279,Muniz,10,4,21,22,0.4,44,322,73601,2.5,11,1.2,1.2,1.2,1.2,FWD,Fulham,2.5
280,J.Palhinha,10,3,21,22,0.3,50,1488,78279,10.0,50,2.8,1.8,1.8,1.8,MID,Fulham,10.0
281,Ream,10,2,21,22,0.7,45,1143,271174,7.6,34,2.6,0.0,0.0,0.0,DEF,Fulham,7.6
282,Reed,10,3,21,22,0.3,45,787,35105,6.4,29,1.7,0.5,0.4,0.5,MID,Fulham,6.4
283,Robinson,10,2,21,22,1.3,44,1748,182719,10.7,47,2.4,1.5,1.5,1.5,DEF,Fulham,10.7
284,Rodák,10,1,21,22,0.4,39,0,18393,-0.3,-1,0.0,0.0,0.0,0.0,GKP,Fulham,-0.3
285,Tete,10,2,21,22,0.3,44,665,27936,5.0,22,2.4,0.8,0.8,0.8,DEF,Fulham,5.0
286,Tosin,10,2,21,22,0.2,43,632,35696,6.7,29,3.2,1.5,1.5,1.5,DEF,Fulham,6.7
287,Vinícius,10,4,21,22,1.3,46,306,133399,4.8,22,1.7,0.5,0.5,0.5,FWD,Fulham,4.8
288,Wilson,10,3,21,22,0.2,53,1097,46717,10.0,53,2.5,1.2,1.2,1.2,MID,Fulham,10.0
558,Raúl,10,4,21,22,1.6,52,1194,446324,10.4,54,3.0,2.2,2.2,2.2,FWD,Fulham,10.4
591,Willian,10,3,21,22,0.7,53,1169,191313,12.1,64,3.8,1.0,1.0,1.0,MID,Fulham,12.1
610,Bassey,10,2,21,22,0.2,44,1115,13197,5.0,22,1.5,0.5,0.0,0.0,DEF,Fulham,5.0
625,De Fougerolles,10,2,21,22,0.1,40,0,3475,0.0,0,0.0,0.0,0.0,0.0,DEF,Fulham,0.0
651,Stansfield,10,4,21,22,0.0,45,0,1655,0.0,0,0.0,0.0,0.0,0.0,FWD,Fulham,0.0
652,Dibley-Dias,10,3,21,22,0.0,45,0,1087,0.0,0,0.0,0.0,0.0,0.0,MID,Fulham,0.0
662,Adama,10,3,21,22,0.0,49,40,6234,0.8,4,1.0,0.0,0.0,0.0,MID,Fulham,0.8
683,Harris,10,3,21,22,0.0,45,74,4640,0.4,2,2.0,0.0,0.0,0.0,MID,Fulham,0.4
688,Castagne,10,2,21,22,0.6,45,1305,154207,9.8,44,2.4,1.2,1.2,1.2,DEF,Fulham,9.8
692,Benda,10,1,21,22,0.0,40,0,2939,0.0,0,0.0,0.0,0.0,0.0,GKP,Fulham,0.0
707,Ballo-Touré,10,2,21,22,0.0,45,48,4220,0.7,3,0.8,0.5,0.0,0.0,DEF,Fulham,0.7
732,Tanton,10,2,21,22,0.0,40,0,1481,0.0,0,0.0,0.0,0.0,0.0,DEF,Fulham,0.0
289,Adrián,11,1,21,22,0.3,39,0,13819,0.0,0,0.0,0.0,0.5,0.5,GKP,Liverpool,0.0
290,Alexander-Arnold,11,2,21,22,20.5,85,1498,2657315,11.4,97,5.4,3.2,0.0,0.0,DEF,Liverpool,11.4
291,A.Becker,11,1,21,22,14.2,57,1710,1261200,14.6,83,4.4,3.8,4.3,4.3,GKP,Liverpool,14.6
292,Bajcetic,11,3,21,22,0.0,47,0,1074,0.0,0,0.0,0.0,0.0,0.0,MID,Liverpool,0.0
293,Darwin,11,4,21,22,14.7,74,1201,2826227,11.9,88,4.4,6.2,6.7,6.7,FWD,Liverpool,11.9
294,Diogo J.,11,3,21,22,6.4,78,754,960352,9.7,76,5.1,8.0,8.5,8.5,MID,Liverpool,9.7
295,Elliott,11,3,21,22,0.2,48,461,24800,6.5,31,1.8,1.8,2.3,2.3,MID,Liverpool,6.5
296,Fabinho,11,3,21,22,0.0,50,0,0,0.0,0,0.0,0.0,0.0,0.0,MID,Liverpool,0.0
297,Gakpo,11,4,21,22,2.4,72,831,214025,6.4,46,2.4,4.0,4.5,4.5,FWD,Liverpool,6.4
298,Gomez,11,2,21,22,1.6,45,1013,198044,10.9,49,2.7,4.5,5.0,5.0,DEF,Liverpool,10.9
299,Henderson,11,3,21,22,0.0,50,0,0,0.0,0,0.0,0.0,0.0,0.0,MID,Liverpool,0.0
300,Jones,11,3,21,22,0.1,49,654,15438,5.5,27,2.1,3.8,4.3,4.3,MID,Liverpool,5.5
301,Kelleher,11,1,21,22,1.4,37,180,303422,1.9,7,3.5,0.0,0.5,0.5,GKP,Liverpool,1.9
302,Konaté,11,2,21,22,2.0,49,971,297995,8.6,42,2.8,2.2,2.7,2.7,DEF,Liverpool,8.6
303,Luis Díaz,11,3,21,22,7.6,74,1213,1792003,8.0,59,3.0,2.5,3.0,3.0,MID,Liverpool,8.0
304,Mac Allister,11,3,21,22,2.7,58,1191,171455,6.0,35,2.2,1.0,1.5,1.5,MID,Liverpool,6.0
305,Matip,11,2,21,22,0.3,49,779,68235,4.3,21,2.1,0.0,0.0,0.0,DEF,Liverpool,4.3
306,Phillips,11,2,21,22,0.1,40,0,2433,0.0,0,0.0,0.0,0.0,0.0,DEF,Liverpool,0.0
307,Robertson,11,2,21,22,2.2,64,720,469710,4.1,26,3.2,0.0,0.0,0.0,DEF,Liverpool,4.1
308,Salah,11,3,21,22,27.2,131,1740,4148119,11.9,156,7.8,6.5,0.0,0.0,MID,Liverpool,11.9
309,Szoboszlai,11,3,21,22,4.6,71,1591,873783,10.3,73,3.6,1.2,1.3,1.3,MID,Liverpool,10.3
310,Thiago,11,3,21,22,0.1,48,0,2168,0.0,0,0.0,0.0,0.0,0.0,MID,Liverpool,0.0
311,Tsimikas,11,2,21,22,2.5,46,662,1861847,9.8,45,4.5,0.2,0.0,0.0,DEF,Liverpool,9.8
312,Van den Berg,11,2,21,22,0.0,40,0,0,0.0,0,0.0,0.0,0.0,0.0,DEF,Liverpool,0.0
313,Virgil,11,2,21,22,14.9,63,1647,1356972,12.2,77,4.1,4.0,4.5,4.5,DEF,Liverpool,12.2
626,Quansah,11,2,21,22,0.1,40,261,23095,3.0,12,2.0,1.5,2.0,2.0,DEF,Liverpool,3.0
627,Clark,11,3,21,22,0.0,44,7,1485,0.2,1,1.0,0.2,0.7,0.7,MID,Liverpool,0.2
628,Doak,11,3,21,22,0.0,44,13,5153,0.2,1,1.0,0.0,0.0,0.0,MID,Liverpool,0.2
629,McConnell,11,3,21,22,0.0,44,1,1167,0.2,1,1.0,0.0,0.5,0.5,MID,Liverpool,0.2
668,Endo,11,3,21,22,0.1,54,697,14703,4.6,25,1.7,1.2,0.0,0.0,MID,Liverpool,4.6
708,Gravenberch,11,3,21,22,0.1,50,647,29236,4.8,24,1.5,1.5,2.0,2.0,MID,Liverpool,4.8
726,Chambers,11,2,21,22,0.0,40,0,2003,0.0,0,0.0,0.0,0.5,0.0,DEF,Liverpool,0.0
728,Scanlon,11,2,21,22,0.0,39,0,888,0.0,0,0.0,0.0,0.5,0.5,DEF,Liverpool,0.0
743,Nyoni,11,3,21,22,0.0,45,0,150,0.0,0,0.0,0.0,0.5,0.5,MID,Liverpool,0.0
756,Pitaluga,11,1,21,22,0.0,40,0,132,0.0,0,0.0,0.0,0.0,0.0,GKP,Liverpool,0.0
757,Bradley,11,2,21,22,0.1,40,82,10502,2.0,8,8.0,2.0,2.5,2.5,DEF,Liverpool,2.0
782,Beck,11,2,21,22,0.0,45,7,5,0.2,1,1.0,1.0,2.6,2.6,DEF,Liverpool,0.2
783,Gordon,11,3,21,22,0.0,45,1,0,0.2,1,1.0,1.0,1.8,1.8,MID,Liverpool,0.2
21,Sambi,12,3,21,22,0.0,49,492,2042,3.5,17,2.4,3.2,2.7,2.7,MID,Luton,3.5
52,Nakamba,12,3,21,22,0.6,44,1131,178212,4.8,21,1.6,0.0,0.0,0.0,MID,Luton,4.8
314,Adebayo,12,4,21,22,1.1,48,902,167326,10.8,52,2.6,3.0,2.5,2.5,FWD,Luton,10.8
315,Andersen,12,2,21,22,0.7,39,397,206425,3.8,15,1.9,0.5,0.0,0.0,DEF,Luton,3.8
316,Bell,12,2,21,22,3.2,39,1265,199156,6.2,24,1.6,2.8,2.3,2.3,DEF,Luton,6.2
317,Berry,12,3,21,22,0.0,47,30,1347,0.6,3,1.0,0.2,-0.3,-0.3,MID,Luton,0.6
318,Burke,12,2,21,22,0.1,40,595,25091,3.2,13,1.6,0.0,-0.2,-0.5,DEF,Luton,3.2
319,Campbell,12,3,21,22,0.0,49,0,182,0.0,0,0.0,0.0,0.0,0.0,MID,Luton,0.0
320,Clark,12,3,21,22,0.0,48,152,740,1.2,6,1.0,0.5,0.0,0.0,MID,Luton,1.2
321,Doughty,12,2,21,22,4.1,45,1405,491225,14.0,63,3.3,7.5,7.0,7.0,DEF,Luton,14.0
322,Freeman,12,3,21,22,0.0,49,0,59,0.0,0,0.0,0.0,0.0,0.0,MID,Luton,0.0
323,Macey,12,1,21,22,0.2,40,0,1324,0.0,0,0.0,0.0,0.0,0.0,GKP,Luton,0.0
324,McAtee,12,4,21,22,0.4,45,0,7174,0.0,0,0.0,0.0,0.0,0.0,FWD,Luton,0.0
325,Mendes,12,3,21,22,0.0,45,0,0,0.0,0,0.0,0.0,0.0,0.0,MID,Luton,0.0
326,Morris,12,4,21,22,1.9,50,1263,1121919,14.0,70,3.5,4.0,3.5,3.5,FWD,Luton,14.0
327,Muskwe,12,4,21,22,0.1,45,0,1383,0.0,0,0.0,0.0,0.0,0.0,FWD,Luton,0.0
328,Ogbene,12,4,21,22,0.1,49,1098,20960,7.8,38,2.0,1.2,0.7,0.7,FWD,Luton,7.8
329,Onyedinma,12,3,21,22,0.0,50,0,0,0.0,0,0.0,0.0,0.0,0.0,MID,Luton,0.0
330,Osho,12,2,21,22,0.0,44,866,6092,5.0,22,2.2,2.5,2.0,2.0,DEF,Luton,5.0
331,Pepple,12,4,21,22,0.1,45,0,838,0.0,0,0.0,0.0,0.0,0.0,FWD,Luton,0.0
332,Pereira,12,3,21,22,0.0,44,0,1744,0.0,0,0.0,0.0,0.0,0.0,MID,Luton,0.0
333,Potts,12,2,21,22,0.1,39,0,9023,0.0,0,0.0,0.0,-0.2,-0.5,DEF,Luton,0.0
334,Rea,12,3,21,22,0.0,44,0,883,0.0,0,0.0,0.0,0.0,0.0,MID,Luton,0.0
335,Shea,12,1,21,22,0.1,43,0,2732,0.0,0,0.0,0.0,-0.5,-0.5,GKP,Luton,0.0
336,Taylor,12,4,21,22,0.1,45,0,0,0.0,0,0.0,0.0,0.0,0.0,FWD,Luton,0.0
337,Thorpe,12,3,21,22,0.0,45,0,14,0.0,0,0.0,0.0,0.0,0.0,MID,Luton,0.0
338,Walton,12,1,21,22,0.0,40,0,0,0.0,0,0.0,0.0,0.0,0.0,GKP,Luton,0.0
339,Watson,12,3,21,22,0.1,44,0,3951,0.0,0,0.0,0.0,0.0,0.0,MID,Luton,0.0
340,Woodrow,12,4,21,22,0.6,43,75,126970,1.9,8,1.0,0.2,-0.3,-0.3,FWD,Luton,1.9
393,Mengi,12,2,21,22,2.0,40,1220,305419,7.0,28,1.9,2.0,1.5,1.5,DEF,Luton,7.0
553,Giles,12,2,21,22,0.1,43,498,9785,2.6,11,1.0,0.5,0.0,0.0,DEF,Luton,2.6
575,Lockyer,12,2,21,22,0.1,42,1169,31802,5.5,23,1.6,0.0,0.0,0.0,DEF,Luton,5.5
582,Mpanzu,12,3,21,22,0.0,47,724,3792,5.1,24,1.5,0.5,0.0,0.0,MID,Luton,5.1
586,Chong,12,3,21,22,0.1,48,750,12005,5.0,24,1.5,0.5,0.0,0.0,MID,Luton,5.0
602,Kaboré,12,2,21,22,3.4,40,1047,565498,6.2,25,1.7,0.2,0.0,0.0,DEF,Luton,6.2
614,Kaminski,12,1,21,22,0.4,45,1800,63118,10.7,48,2.4,3.5,3.0,3.0,GKP,Luton,10.7
630,Barkley,12,3,21,22,0.3,49,1163,49971,8.8,43,2.9,4.2,3.7,3.7,MID,Luton,8.8
631,Brown,12,4,21,22,0.1,49,1002,32575,7.8,38,2.1,1.0,0.0,0.5,FWD,Luton,7.8
648,Francis-Clarke,12,2,21,22,0.0,40,0,713,0.0,0,0.0,0.0,0.0,0.0,DEF,Luton,0.0
665,Krul,12,1,21,22,0.0,44,0,3417,0.0,0,0.0,0.0,-0.5,-0.5,GKP,Luton,0.0
682,Johnson,12,2,21,22,0.0,40,0,4517,0.0,0,0.0,0.0,-0.5,-0.5,DEF,Luton,0.0
727,Townsend,12,3,21,22,0.2,50,680,42911,8.2,41,3.4,4.2,3.7,3.7,MID,Luton,8.2
729,Luker,12,3,21,22,0.0,45,0,766,0.0,0,0.0,0.0,-0.5,-0.5,MID,Luton,0.0
734,Nelson,12,3,21,22,0.0,45,0,870,0.0,0,0.0,0.0,-0.5,-0.5,MID,Luton,0.0
341,Akanji,13,2,21,22,4.5,49,1261,1084197,10.0,49,3.3,2.3,2.1,1.6,DEF,Man City,10.0
342,Aké,13,2,21,22,6.1,50,1095,893834,11.0,55,3.4,4.0,4.5,5.0,DEF,Man City,11.0
343,J.Alvarez,13,4,21,22,36.1,70,1679,6368438,14.1,99,5.0,5.7,6.2,6.7,FWD,Man City,14.1
344,Bernardo,13,3,21,22,5.6,65,1426,848096,13.7,89,5.2,8.0,8.5,9.0,MID,Man City,13.7
345,Bobb,13,3,21,22,0.1,44,115,11217,4.5,20,2.9,3.0,3.5,4.0,MID,Man City,4.5
346,Cancelo,13,2,21,22,1.0,58,0,23685,0.0,0,0.0,0.0,0.0,0.0,DEF,Man City,0.0
347,Carson,13,1,21,22,0.1,39,0,6223,0.0,0,0.0,0.0,0.5,1.0,GKP,Man City,0.0
348,Charles,13,3,21,22,0.0,45,0,0,0.0,0,0.0,0.0,0.0,0.0,MID,Man City,0.0
349,De Bruyne,13,3,21,22,16.9,105,43,1713417,1.2,13,6.5,4.0,4.5,5.0,MID,Man City,1.2
350,Rúben,13,2,21,22,6.5,55,1387,624111,6.7,37,2.2,0.7,1.2,1.7,DEF,Man City,6.7
352,Ederson M.,13,1,21,22,15.4,55,1627,1260169,10.0,55,2.9,3.0,3.5,3.0,GKP,Man City,10.0
353,Foden,13,3,21,22,28.9,80,1604,4058496,12.2,98,4.9,7.3,7.8,8.3,MID,Man City,12.2
354,Grealish,13,3,21,22,1.9,72,684,167449,5.4,39,3.2,0.7,0.9,1.7,MID,Man City,5.4
355,Haaland,13,4,21,22,51.4,139,1294,1890703,8.1,112,7.5,0.0,0.0,0.5,FWD,Man City,8.1
356,Kovačić,13,3,21,22,0.4,47,849,40397,5.5,26,1.7,1.7,2.2,2.7,MID,Man City,5.5
357,Laporte,13,2,21,22,0.1,49,11,2340,0.2,1,1.0,0.0,0.0,0.0,DEF,Man City,0.2
358,R.Lewis,13,2,21,22,0.3,43,362,75742,7.0,30,3.3,0.3,0.8,1.3,DEF,Man City,7.0
359,Mahrez,13,3,21,22,0.0,75,0,0,0.0,0,0.0,0.0,0.0,0.0,MID,Man City,0.0
361,Ortega Moreno,13,1,21,22,0.8,38,172,94838,1.1,4,2.0,0.7,1.2,1.7,GKP,Man City,1.1
363,Perrone,13,3,21,22,0.0,44,0,332,0.0,0,0.0,0.0,0.0,0.0,MID,Man City,0.0
364,Phillips,13,3,21,22,0.0,47,89,2172,0.9,4,1.0,0.0,0.5,1.0,MID,Man City,0.9
365,Rodrigo,13,3,21,22,5.1,56,1450,1274068,12.0,67,3.9,5.3,5.8,6.3,MID,Man City,12.0
366,Sergio Gómez,13,2,21,22,0.9,39,15,138238,1.3,5,2.5,0.0,0.5,1.0,DEF,Man City,1.3
367,Steffen,13,1,21,22,0.2,39,0,19105,0.0,0,0.0,0.0,0.5,1.0,GKP,Man City,0.0
368,Stones,13,2,21,22,2.6,53,410,116999,3.6,19,2.4,0.3,0.0,0.0,DEF,Man City,3.6
369,Walker,13,2,21,22,17.7,54,1777,2552623,12.0,65,3.2,4.7,5.2,5.7,DEF,Man City,12.0
566,Matheus N.,13,3,21,22,0.1,48,472,21509,3.1,15,1.5,0.7,1.2,1.7,MID,Man City,3.1
616,Gvardiol,13,2,21,22,3.3,48,1292,611608,8.3,40,2.5,2.7,3.2,3.7,DEF,Man City,8.3
678,Doku,13,3,21,22,2.5,65,774,1380081,7.8,51,4.2,0.7,1.2,1.7,MID,Man City,7.8
762,Susoho,13,3,21,22,0.0,45,0,70,0.0,0,0.0,0.0,0.5,1.0,MID,Man City,0.0
771,Hamilton,13,3,21,22,0.0,45,0,66,0.0,0,0.0,0.0,0.5,1.0,MID,Man City,0.0
209,Mount,14,3,21,22,0.8,68,397,24886,1.8,12,1.5,0.0,0.0,0.0,MID,Man Utd,1.8
370,Alex Telles,14,2,21,22,0.0,45,0,0,0.0,0,0.0,0.0,0.0,0.0,DEF,Man Utd,0.0
371,Amad,14,3,21,22,0.0,44,36,1636,0.2,1,1.0,0.2,0.2,0.2,MID,Man Utd,0.2
372,Antony,14,3,21,22,0.6,68,901,30999,4.0,27,1.6,1.2,1.2,1.2,MID,Man Utd,4.0
373,B.Fernandes,14,3,21,22,10.4,82,1800,1473024,8.5,70,3.5,1.5,1.5,1.5,MID,Man Utd,8.5
374,B.Williams,14,2,21,22,0.1,40,0,1224,0.0,0,0.0,0.0,0.0,0.0,DEF,Man Utd,0.0
375,Bailly,14,2,21,22,0.1,40,0,2895,0.0,0,0.0,0.0,0.0,0.0,DEF,Man Utd,0.0
376,Casemiro,14,3,21,22,2.0,53,648,142586,4.0,21,2.6,0.0,0.0,0.0,MID,Man Utd,4.0
377,Dalot,14,2,21,22,3.4,51,1644,661478,11.6,59,3.1,0.5,0.5,0.5,DEF,Man Utd,11.6
379,Eriksen,14,3,21,22,0.4,58,845,47285,5.9,34,2.3,1.2,1.2,1.2,MID,Man Utd,5.9
380,Fernandez,14,2,21,22,0.1,40,0,5187,0.0,0,0.0,0.0,0.0,0.0,DEF,Man Utd,0.0
381,Fred,14,3,21,22,0.0,50,0,322,0.0,0,0.0,0.0,0.0,0.0,MID,Man Utd,0.0
382,Garnacho,14,3,21,22,5.6,48,1152,773105,11.9,57,3.0,5.5,5.5,5.5,MID,Man Utd,11.9
383,Hannibal,14,3,21,22,0.1,43,131,46045,2.6,11,2.2,0.2,0.2,0.0,MID,Man Utd,2.6
384,Heaton,14,1,21,22,0.1,40,0,4065,0.0,0,0.0,0.0,0.0,0.0,GKP,Man Utd,0.0
386,Lindelof,14,2,21,22,0.3,45,898,86150,9.3,42,3.5,0.0,0.0,0.0,DEF,Man Utd,9.3
387,Maguire,14,2,21,22,1.1,42,836,418303,8.6,36,3.3,0.0,0.0,0.0,DEF,Man Utd,8.6
388,Mainoo,14,3,21,22,0.2,44,536,32247,3.2,14,2.0,1.8,1.8,1.8,MID,Man Utd,3.2
389,Malacia,14,2,21,22,0.0,43,0,664,0.0,0,0.0,0.0,0.0,0.0,DEF,Man Utd,0.0
390,Martial,14,4,21,22,0.3,64,439,33964,3.9,25,1.9,0.0,0.0,0.0,FWD,Man Utd,3.9
391,Martinez,14,2,21,22,2.2,47,402,88940,1.3,6,1.0,0.2,0.2,0.2,DEF,Man Utd,1.3
392,McTominay,14,3,21,22,1.4,47,1142,397482,13.8,65,3.6,1.2,1.2,1.2,MID,Man Utd,13.8
394,Pellistri,14,3,21,22,0.2,43,164,52335,3.0,13,1.4,0.2,0.2,0.2,MID,Man Utd,3.0
395,R.Varane,14,2,21,22,2.3,49,700,448745,5.9,29,2.4,0.5,0.5,0.5,DEF,Man Utd,5.9
396,Rashford,14,3,21,22,11.2,84,1406,882232,8.0,67,3.4,5.0,5.0,5.0,MID,Man Utd,8.0
397,Sancho,14,3,21,22,0.4,67,76,6844,0.4,3,1.0,0.0,0.0,0.0,MID,Man Utd,0.4
398,Shaw,14,2,21,22,3.2,52,693,291495,4.0,21,2.6,0.0,0.0,0.0,DEF,Man Utd,4.0
399,Shoretire,14,4,21,22,0.2,44,0,34378,0.0,0,0.0,0.0,0.0,0.0,FWD,Man Utd,0.0
400,Van de Beek,14,3,21,22,0.0,47,2,1483,0.2,1,1.0,0.0,0.0,0.0,MID,Man Utd,0.2
401,Wan-Bissaka,14,2,21,22,2.0,44,882,570661,6.6,29,2.4,0.8,0.8,0.8,DEF,Man Utd,6.6
597,Onana,14,1,21,22,12.1,48,1890,886796,15.4,74,3.5,1.5,0.8,0.0,GKP,Man Utd,15.4
617,Højlund,14,4,21,22,3.3,68,1116,1197932,6.0,41,2.6,4.8,4.8,4.8,FWD,Man Utd,6.0
632,Forson,14,3,21,22,0.0,44,0,1023,0.0,0,0.0,0.0,0.0,0.0,MID,Man Utd,0.0
669,Vítek,14,1,21,22,0.0,40,0,2757,0.0,0,0.0,0.0,0.0,0.0,GKP,Man Utd,0.0
685,Gore,14,3,21,22,0.0,45,1,757,0.2,1,1.0,0.2,0.2,0.2,MID,Man Utd,0.2
695,Altay,14,1,21,22,0.1,40,0,16036,0.0,0,0.0,0.0,0.0,0.0,GKP,Man Utd,0.0
703,Evans,14,2,21,22,1.0,40,881,285669,8.2,33,2.5,0.8,0.8,0.8,DEF,Man Utd,8.2
709,Amrabat,14,3,21,22,0.1,50,610,33020,2.8,14,1.4,0.0,0.0,0.0,MID,Man Utd,2.8
748,Hugill,14,4,21,22,0.0,45,0,1277,0.0,0,0.0,0.0,0.0,0.0,FWD,Man Utd,0.0
766,Kambwala,14,2,21,22,0.0,40,84,762,0.5,2,1.0,0.5,0.5,0.5,DEF,Man Utd,0.5
768,Bennett,14,2,21,22,0.0,40,0,159,0.0,0,0.0,0.0,0.0,0.0,DEF,Man Utd,0.0
204,Hall,15,2,21,22,0.1,43,104,18758,1.6,7,0.9,0.8,0.3,1.3,DEF,Newcastle,1.6
402,Almirón,15,3,21,22,3.9,62,1426,777323,10.0,62,3.0,1.5,1.0,2.0,MID,Newcastle,10.0
403,Anderson,15,3,21,22,1.6,42,407,339528,4.5,19,2.1,0.0,0.0,0.0,MID,Newcastle,4.5
404,Ashby,15,2,21,22,0.0,40,0,0,0.0,0,0.0,0.0,0.0,0.0,DEF,Newcastle,0.0
405,Botman,15,2,21,22,5.5,45,763,1650828,8.9,40,4.0,2.2,1.7,2.7,DEF,Newcastle,8.9
406,Bruno G.,15,3,21,22,2.0,58,1762,212893,9.7,56,2.8,2.0,1.5,2.5,MID,Newcastle,9.7
407,Burn,15,2,21,22,4.4,44,1337,1645090,13.2,58,3.6,1.8,1.3,2.3,DEF,Newcastle,13.2
408,Darlow,15,1,21,22,0.0,40,0,0,0.0,0,0.0,0.0,0.0,0.0,GKP,Newcastle,0.0
409,Dubravka,15,1,21,22,8.4,42,634,957695,6.7,28,3.5,4.0,3.5,4.5,GKP,Newcastle,6.7
410,Fraser,15,3,21,22,0.0,49,0,285,0.0,0,0.0,0.0,0.0,0.0,MID,Newcastle,0.0
411,Gillespie,15,1,21,22,0.1,39,0,5379,0.0,0,0.0,0.0,-0.5,0.5,GKP,Newcastle,0.0
412,Gordon,15,3,21,22,19.6,61,1661,4011766,17.0,104,5.2,3.8,3.3,4.3,MID,Newcastle,17.0
413,Hayden,15,3,21,22,0.0,44,0,851,0.0,0,0.0,0.0,0.0,0.0,MID,Newcastle,0.0
414,Hendrick,15,3,21,22,0.0,44,0,716,0.0,0,0.0,0.0,0.0,0.0,MID,Newcastle,0.0
415,Isak,15,4,21,22,15.5,76,1136,2902221,10.3,78,4.9,5.0,4.5,5.5,FWD,Newcastle,10.3
416,Joelinton,15,3,21,22,0.5,58,1133,75113,7.1,41,2.6,0.5,0.0,0.0,MID,Newcastle,7.1
417,Krafth,15,2,21,22,0.0,44,82,1451,2.3,10,2.5,0.0,-0.5,0.5,DEF,Newcastle,2.3
418,Kuol,15,3,21,22,0.0,45,0,0,0.0,0,0.0,0.0,0.0,0.0,MID,Newcastle,0.0
419,Lascelles,15,2,21,22,4.9,41,1044,1066974,10.7,44,3.1,0.5,0.0,1.0,DEF,Newcastle,10.7
420,J.Lewis,15,2,21,22,0.0,40,0,0,0.0,0,0.0,0.0,0.0,0.0,DEF,Newcastle,0.0
421,Longstaff,15,3,21,22,0.3,48,1264,154023,10.6,51,2.8,2.5,2.0,3.0,MID,Newcastle,10.6
422,Manquillo,15,2,21,22,0.0,40,0,3267,0.0,0,0.0,0.0,0.0,0.0,DEF,Newcastle,0.0
423,J.Murphy,15,3,21,22,0.1,48,119,29828,5.0,24,4.8,0.0,0.0,0.2,MID,Newcastle,5.0
424,Pope,15,1,21,22,5.5,53,1255,548002,10.6,56,4.0,0.0,0.0,0.0,GKP,Newcastle,10.6
425,Ritchie,15,3,21,22,0.2,43,103,17550,1.4,6,0.9,0.0,-0.5,0.5,MID,Newcastle,1.4
426,Saint-Maximin,15,3,21,22,0.0,60,0,0,0.0,0,0.0,0.0,0.0,0.0,MID,Newcastle,0.0
427,Schär,15,2,21,22,5.6,52,1813,1180020,11.0,57,2.7,0.8,0.3,1.3,DEF,Newcastle,11.0
428,Targett,15,2,21,22,0.1,42,77,5950,0.5,2,0.7,0.0,0.0,0.0,DEF,Newcastle,0.5
429,Tonali,15,3,21,22,1.1,52,437,194991,3.1,16,2.0,0.0,0.0,0.0,MID,Newcastle,3.1
430,Trippier,15,2,21,22,38.2,67,1662,3964208,12.8,86,4.5,1.0,0.5,1.5,DEF,Newcastle,12.8
431,Watts,15,2,21,22,0.1,40,0,0,0.0,0,0.0,0.0,0.0,0.0,DEF,Newcastle,0.0
432,Willock,15,3,21,22,0.1,53,136,6662,0.8,4,1.3,0.0,0.0,0.0,MID,Newcastle,0.8
433,Wilson,15,4,21,22,3.4,78,720,819913,7.1,55,3.9,0.8,0.0,0.7,FWD,Newcastle,7.1
580,Karius,15,1,21,22,0.3,39,0,12649,0.0,0,0.0,0.0,-0.5,0.5,GKP,Newcastle,0.0
581,Dummett,15,2,21,22,0.3,39,4,45145,0.3,1,1.0,0.0,-0.5,0.5,DEF,Newcastle,0.3
603,Barnes,15,3,21,22,1.0,62,183,197632,2.7,17,2.8,0.0,0.0,0.0,MID,Newcastle,2.7
633,Livramento,15,2,21,22,1.3,43,696,233826,6.0,26,1.9,0.5,0.0,1.0,DEF,Newcastle,6.0
634,A.Murphy,15,2,21,22,0.4,39,3,47435,0.3,1,1.0,0.0,-0.5,0.5,DEF,Newcastle,0.3
635,Miley,15,3,21,22,0.2,45,748,35278,5.8,26,2.6,1.2,0.7,1.7,MID,Newcastle,5.8
738,Diallo,15,3,21,22,0.0,45,1,901,0.2,1,1.0,0.0,-0.5,0.5,MID,Newcastle,0.2
739,Parkinson,15,4,21,22,0.0,45,24,3551,0.2,1,1.0,0.0,-0.5,0.5,FWD,Newcastle,0.2
745,Ndiweni,15,4,21,22,0.0,44,1,2135,0.2,1,1.0,0.0,-0.5,0.5,FWD,Newcastle,0.2
23,Tavares,16,2,21,22,0.3,40,183,24727,0.2,1,0.2,0.2,0.2,0.0,DEF,Nott'm Forest,0.2
28,Turner,16,1,21,22,12.2,39,1440,1134706,10.5,41,2.6,2.2,2.2,1.7,GKP,Nott'm Forest,10.5
205,Hudson-Odoi,16,3,21,22,0.1,47,569,41122,6.6,31,2.6,2.2,2.2,1.7,MID,Nott'm Forest,6.6
378,Elanga,16,3,21,22,1.7,51,1358,370674,14.9,76,3.8,5.5,4.1,3.8,MID,Nott'm Forest,14.9
434,B.Aguilera,16,3,21,22,0.0,45,4,0,0.2,1,1.0,0.2,0.0,0.0,MID,Nott'm Forest,0.2
435,Arter,16,3,21,22,0.1,43,0,28446,0.0,0,0.0,0.0,0.0,-0.5,MID,Nott'm Forest,0.0
436,Aurier,16,2,21,22,0.8,45,831,257774,6.0,27,2.2,0.0,0.0,0.0,DEF,Nott'm Forest,6.0
437,Awoniyi,16,4,21,22,1.3,63,664,831313,6.7,42,4.2,0.0,0.0,-0.1,FWD,Nott'm Forest,6.7
438,Biancone,16,2,21,22,0.1,39,0,1479,0.0,0,0.0,0.0,0.0,0.0,DEF,Nott'm Forest,0.0
439,Boly,16,2,21,22,0.4,45,994,123930,8.2,37,2.5,-0.5,0.0,0.0,DEF,Nott'm Forest,8.2
440,Bowler,16,3,21,22,0.0,45,0,0,0.0,0,0.0,0.0,0.0,0.0,MID,Nott'm Forest,0.0
441,Cook,16,2,21,22,0.0,45,0,0,0.0,0,0.0,0.0,0.0,0.0,DEF,Nott'm Forest,0.0
442,Danilo,16,3,21,22,0.1,53,747,3071,4.9,26,1.9,3.2,3.2,2.7,MID,Nott'm Forest,4.9
443,Dennis,16,4,21,22,0.1,48,0,6239,0.0,0,0.0,0.0,0.0,0.0,FWD,Nott'm Forest,0.0
444,Dräger,16,2,21,22,0.1,40,0,796,0.0,0,0.0,0.0,0.0,0.0,DEF,Nott'm Forest,0.0
445,Felipe,16,2,21,22,0.0,44,132,1426,0.2,1,0.3,0.0,0.0,-0.1,DEF,Nott'm Forest,0.2
446,Freuler,16,3,21,22,0.0,49,0,105,0.0,0,0.0,0.0,0.0,0.0,MID,Nott'm Forest,0.0
447,Gibbs-White,16,3,21,22,1.5,57,1686,243901,11.6,66,3.3,3.5,3.5,3.0,MID,Nott'm Forest,11.6
448,Hennessey,16,1,21,22,0.2,40,0,4797,0.0,0,0.0,0.0,0.0,-0.5,GKP,Nott'm Forest,0.0
449,Horvath,16,1,21,22,0.1,43,0,2529,0.0,0,0.0,0.0,0.0,-0.5,GKP,Nott'm Forest,0.0
451,Kouyaté,16,3,21,22,0.0,48,201,864,2.1,10,1.0,0.2,0.0,0.0,MID,Nott'm Forest,2.1
452,Laryea,16,2,21,22,0.0,45,0,0,0.0,0,0.0,0.0,0.0,0.0,DEF,Nott'm Forest,0.0
453,Mangala,16,3,21,22,0.0,50,1492,3994,7.6,38,2.0,0.5,0.5,0.0,MID,Nott'm Forest,7.6
454,Mbe Soh,16,2,21,22,0.0,40,0,589,0.0,0,0.0,0.0,0.0,0.0,DEF,Nott'm Forest,0.0
455,McKenna,16,2,21,22,0.1,44,416,5739,2.7,12,2.4,0.0,0.0,-0.5,DEF,Nott'm Forest,2.7
456,Mighten,16,3,21,22,0.0,44,0,874,0.0,0,0.0,0.0,0.0,0.0,MID,Nott'm Forest,0.0
457,Niakhaté,16,2,21,22,0.1,45,977,4913,4.0,18,1.3,1.2,0.0,0.0,DEF,Nott'm Forest,4.0
458,O'Brien,16,3,21,22,0.0,49,0,68,0.0,0,0.0,0.0,0.0,0.0,MID,Nott'm Forest,0.0
459,Ojeda,16,3,21,22,0.0,45,0,0,0.0,0,0.0,0.0,0.0,0.0,MID,Nott'm Forest,0.0
460,Panzo,16,2,21,22,0.1,40,0,884,0.0,0,0.0,0.0,0.0,0.0,DEF,Nott'm Forest,0.0
461,O.Richards,16,2,21,22,0.0,44,0,88,0.0,0,0.0,0.0,0.0,0.0,DEF,Nott'm Forest,0.0
462,G.Scarpa,16,3,21,22,0.0,45,0,296,0.0,0,0.0,0.0,0.0,0.0,MID,Nott'm Forest,0.0
463,J.Shelvey,16,3,21,22,0.0,48,0,290,0.0,0,0.0,0.0,0.0,0.0,MID,Nott'm Forest,0.0
464,Surridge,16,4,21,22,0.1,45,0,0,0.0,0,0.0,0.0,0.0,0.0,FWD,Nott'm Forest,0.0
465,Toffolo,16,2,21,22,0.2,44,919,32125,9.1,40,3.1,0.5,0.5,0.0,DEF,Nott'm Forest,9.1
466,Ui-jo,16,4,21,22,0.3,44,0,22938,0.0,0,0.0,0.0,0.0,0.0,FWD,Nott'm Forest,0.0
467,Williams,16,2,21,22,0.2,43,456,10060,4.2,18,1.5,0.8,0.8,0.3,DEF,Nott'm Forest,4.2
468,Wood,16,4,21,22,1.8,49,818,312182,15.1,74,3.9,9.5,9.5,9.0,FWD,Nott'm Forest,15.1
469,Worrall,16,2,21,22,0.1,43,438,5280,3.0,13,1.9,0.2,0.2,-0.3,DEF,Nott'm Forest,3.0
470,Yates,16,3,21,22,0.0,48,957,1564,5.4,26,1.4,1.8,1.8,1.3,MID,Nott'm Forest,5.4
604,Aina,16,2,21,22,0.3,45,987,69183,7.6,34,2.4,1.2,0.0,0.0,DEF,Nott'm Forest,7.6
636,G.Shelvey,16,1,21,22,0.0,39,0,1855,0.0,0,0.0,0.0,0.0,-0.5,GKP,Nott'm Forest,0.0
637,Powell,16,2,21,22,0.1,39,0,7517,0.0,0,0.0,0.0,0.0,-0.5,DEF,Nott'm Forest,0.0
679,G.Montiel,16,2,21,22,0.1,44,393,12164,3.4,15,2.1,3.2,3.2,2.7,DEF,Nott'm Forest,3.4
696,Murillo,16,2,21,22,0.1,45,1322,14432,6.9,31,2.1,2.2,2.2,1.7,DEF,Nott'm Forest,6.9
710,Odysseas,16,1,21,22,0.1,45,450,16832,2.7,12,2.4,0.0,0.0,-0.5,GKP,Nott'm Forest,2.7
711,Omobamidele,16,2,21,22,0.0,45,90,764,0.2,1,1.0,0.2,0.2,-0.3,DEF,Nott'm Forest,0.2
712,Dominguez,16,3,21,22,0.0,50,827,7921,7.6,38,3.2,3.0,3.0,2.5,MID,Nott'm Forest,7.6
713,Sangaré,16,3,21,22,0.0,49,820,1891,3.9,19,1.7,0.2,0.0,0.0,MID,Nott'm Forest,3.9
714,Origi,16,4,21,22,0.1,50,176,31678,1.6,8,0.9,0.2,0.2,-0.2,FWD,Nott'm Forest,1.6
779,McDonnell,16,3,21,22,0.0,45,0,1,0.0,0,0.0,0.0,1.3,0.8,MID,Nott'm Forest,0.0
780,Osong,16,4,21,22,0.0,45,0,4,0.0,0,0.0,0.0,1.2,0.7,FWD,Nott'm Forest,0.0
781,Gardner,16,4,21,22,0.0,45,0,3,0.0,0,0.0,0.0,1.2,0.7,FWD,Nott'm Forest,0.0
27,Trusty,17,2,21,22,2.3,39,1261,290784,4.9,19,1.2,1.0,0.5,0.5,DEF,Sheffield Utd,4.9
33,Archer,17,4,21,22,7.0,44,1341,1363491,13.0,57,3.0,2.3,1.8,1.8,FWD,Sheffield Utd,13.0
360,McAtee,17,3,21,22,0.7,44,1092,185035,9.8,43,2.5,2.3,1.8,1.8,MID,Sheffield Utd,9.8
471,Ahmedhodžić,17,2,21,22,0.2,43,1305,12659,4.9,21,1.4,2.7,2.2,2.2,DEF,Sheffield Utd,4.9
472,Amissah,17,1,21,22,0.3,39,0,25984,0.0,0,0.0,0.0,-0.5,-0.5,GKP,Sheffield Utd,0.0
473,Baldock,17,2,21,22,6.1,38,833,582188,5.0,19,1.7,0.3,-0.2,-0.2,DEF,Sheffield Utd,5.0
474,Basham,17,2,21,22,0.4,39,316,97612,2.1,8,1.0,0.0,0.0,0.0,DEF,Sheffield Utd,2.1
476,Bogle,17,2,21,22,0.1,45,1307,23727,7.3,33,1.9,0.3,-0.2,-0.2,DEF,Sheffield Utd,7.3
477,Brewster,17,4,21,22,0.0,49,200,3003,1.0,5,0.6,0.0,-0.5,-0.5,FWD,Sheffield Utd,1.0
478,Coulibaly,17,3,21,22,0.0,44,0,4451,0.0,0,0.0,0.0,-0.5,-0.5,MID,Sheffield Utd,0.0
479,A.Davies,17,1,21,22,0.2,40,0,8427,0.0,0,0.0,0.0,-0.5,-0.5,GKP,Sheffield Utd,0.0
480,Egan,17,2,21,22,0.1,43,482,4379,0.2,1,0.2,0.0,0.0,0.0,DEF,Sheffield Utd,0.2
481,Fleck,17,3,21,22,0.0,49,89,663,0.6,3,0.8,0.0,-0.5,-0.5,MID,Sheffield Utd,0.6
482,Foderingham,17,1,21,22,0.3,45,1890,49125,11.3,51,2.4,1.7,1.2,1.2,GKP,Sheffield Utd,11.3
483,Jebbison,17,4,21,22,0.0,48,0,1765,0.0,0,0.0,0.0,0.0,0.0,FWD,Sheffield Utd,0.0
484,Lowe,17,2,21,22,0.0,43,310,1500,1.4,6,0.9,0.0,-0.1,-0.1,DEF,Sheffield Utd,1.4
485,McBurnie,17,4,21,22,0.0,54,722,9813,6.5,35,2.9,5.0,4.5,4.5,FWD,Sheffield Utd,6.5
486,Ndiaye,17,4,21,22,0.0,55,0,0,0.0,0,0.0,0.0,0.0,0.0,FWD,Sheffield Utd,0.0
487,Norrington-Davies,17,2,21,22,0.2,39,11,28190,0.5,2,1.0,0.7,0.2,0.2,DEF,Sheffield Utd,0.5
488,Norwood,17,3,21,22,0.0,48,1273,9814,7.3,35,1.8,1.0,0.5,0.5,MID,Sheffield Utd,7.3
489,Osborn,17,3,21,22,0.0,48,308,852,1.9,9,1.0,0.3,-0.2,-0.2,MID,Sheffield Utd,1.9
490,Osula,17,4,21,22,1.3,43,561,269888,3.7,16,1.3,2.3,1.8,1.8,FWD,Sheffield Utd,3.7
576,Robinson,17,2,21,22,0.1,44,1749,13683,4.3,19,0.9,0.0,-0.5,-0.5,DEF,Sheffield Utd,4.3
587,Slimane,17,3,21,22,0.0,47,314,784,1.9,9,0.9,0.3,0.0,0.0,MID,Sheffield Utd,1.9
592,Larouci,17,2,21,22,0.0,43,276,1202,0.9,4,0.7,0.0,0.0,0.0,DEF,Sheffield Utd,0.9
593,T.Bénie,17,4,21,22,0.0,51,383,7991,2.2,11,1.4,0.0,0.0,0.0,FWD,Sheffield Utd,2.2
638,Vini Souza,17,3,21,22,0.0,50,1590,3124,7.2,36,1.8,2.0,1.5,1.5,MID,Sheffield Utd,7.2
653,Seriki,17,2,21,22,0.1,39,0,5165,0.0,0,0.0,0.0,-0.5,-0.5,DEF,Sheffield Utd,0.0
654,Marsh,17,4,21,22,0.0,45,0,3568,0.0,0,0.0,0.0,0.0,0.0,FWD,Sheffield Utd,0.0
655,Brooks,17,3,21,22,0.0,44,481,6096,3.0,13,1.4,1.3,0.8,0.8,MID,Sheffield Utd,3.0
656,Hackford,17,4,21,22,0.1,44,11,11862,0.5,2,1.0,0.0,-0.5,-0.5,FWD,Sheffield Utd,0.5
663,Hamer,17,3,21,22,0.2,50,1524,62925,10.4,52,2.7,0.7,0.2,0.2,MID,Sheffield Utd,10.4
666,T.Davies,17,3,21,22,0.0,50,57,583,0.4,2,0.7,0.0,-0.2,-0.2,MID,Sheffield Utd,0.4
693,Thomas,17,2,21,22,0.1,40,916,10836,1.8,7,0.6,0.3,-0.2,0.0,DEF,Sheffield Utd,1.8
730,Oné,17,3,21,22,0.0,45,7,431,0.2,1,1.0,0.0,-0.5,-0.5,MID,Sheffield Utd,0.2
731,Buyabu,17,2,21,22,0.0,40,0,1388,0.0,0,0.0,0.0,-0.5,-0.5,DEF,Sheffield Utd,0.0
759,Peck,17,3,21,22,0.0,44,9,109,0.2,1,1.0,0.0,-0.5,-0.5,MID,Sheffield Utd,0.2
775,Brereton Díaz,17,3,21,22,0.0,50,66,2690,1.4,7,7.0,7.0,1.4,1.4,MID,Sheffield Utd,1.4
450,Johnson,18,3,21,22,0.8,58,1161,137820,9.5,55,3.1,4.8,4.8,4.8,MID,Spurs,9.5
491,Austin,18,1,21,22,0.2,39,0,9313,0.0,0,0.0,0.0,0.0,0.0,GKP,Spurs,0.0
492,Bentancur,18,3,21,22,0.0,54,235,5562,1.9,10,1.7,1.8,1.8,1.8,MID,Spurs,1.9
493,Bissouma,18,3,21,22,0.3,50,1211,82399,4.8,24,1.6,0.0,0.0,0.0,MID,Spurs,4.8
494,Bryan,18,3,21,22,0.0,49,184,1579,2.0,10,1.1,0.8,0.8,0.8,MID,Spurs,2.0
495,Davies,18,2,21,22,0.5,43,898,42100,6.7,29,2.1,2.5,0.0,0.0,DEF,Spurs,6.7
496,Dier,18,2,21,22,0.4,42,199,33518,0.5,2,0.5,0.5,0.0,0.0,DEF,Spurs,0.5
497,E.Royal,18,2,21,22,0.8,44,778,158226,5.2,23,1.4,1.8,1.8,1.8,DEF,Spurs,5.2
498,Forster,18,1,21,22,1.9,39,0,38782,0.0,0,0.0,0.0,0.0,0.0,GKP,Spurs,0.0
499,Højbjerg,18,3,21,22,0.3,52,819,16660,4.4,23,1.1,1.5,1.5,1.5,MID,Spurs,4.4
500,Kane,18,4,21,22,0.6,125,0,565,0.0,0,0.0,0.0,0.0,0.0,FWD,Spurs,0.0
501,Kulusevski,18,3,21,22,3.9,71,1671,871622,11.1,79,4.2,0.5,0.5,0.5,MID,Spurs,11.1
502,Lloris,18,1,21,22,0.6,48,0,32858,0.0,0,0.0,0.0,0.0,0.0,GKP,Spurs,0.0
503,Lo Celso,18,3,21,22,0.1,48,408,36648,7.5,36,3.6,3.2,0.0,0.0,MID,Spurs,7.5
504,Maddison,18,3,21,22,7.7,78,882,4236898,8.1,63,5.7,0.0,0.0,0.0,MID,Spurs,8.1
505,Ndombele,18,3,21,22,0.2,44,0,12864,0.0,0,0.0,0.0,0.0,0.0,MID,Spurs,0.0
506,Pedro Porro,18,2,21,22,32.8,58,1797,3961230,14.3,83,4.2,3.8,3.8,3.8,DEF,Spurs,14.3
507,Perišić,18,2,21,22,0.8,47,98,58689,1.3,6,1.2,0.0,0.0,0.0,DEF,Spurs,1.3
509,Richarlison,18,3,21,22,11.6,70,1001,1513005,11.6,81,4.5,6.2,6.2,6.2,MID,Spurs,11.6
510,Rodon,18,2,21,22,0.1,40,0,0,0.0,0,0.0,0.0,0.0,0.0,DEF,Spurs,0.0
511,Romero,18,2,21,22,6.8,49,1260,2440789,12.9,63,3.9,0.5,0.2,0.5,DEF,Spurs,12.9
512,Sánchez,18,2,21,22,0.1,44,76,2363,0.0,0,0.0,0.0,0.0,0.0,DEF,Spurs,0.0
513,Sarr,18,3,21,22,1.6,44,1164,595384,12.0,53,2.9,2.8,0.0,0.0,MID,Spurs,12.0
514,Sessegnon,18,2,21,22,0.0,44,0,723,0.0,0,0.0,0.0,0.0,0.0,DEF,Spurs,0.0
515,Skipp,18,3,21,22,0.1,46,520,7930,3.5,16,1.1,1.0,1.0,1.0,MID,Spurs,3.5
516,Son,18,3,21,22,20.3,97,1690,6167829,14.0,136,6.8,5.2,0.0,0.0,MID,Spurs,14.0
517,Spence,18,2,21,22,0.2,40,0,6594,0.0,0,0.0,0.0,0.0,0.0,DEF,Spurs,0.0
518,Tanganga,18,2,21,22,0.3,40,0,11423,0.0,0,0.0,0.0,0.0,0.0,DEF,Spurs,0.0
519,Udogie,18,2,21,22,9.5,48,1502,2707352,10.0,48,2.7,0.8,0.8,0.8,DEF,Spurs,10.0
520,Vicario,18,1,21,22,9.0,53,1890,1315063,13.4,71,3.4,2.8,2.8,2.8,GKP,Spurs,13.4
521,Whiteman,18,1,21,22,0.2,39,0,17371,0.0,0,0.0,0.0,0.0,0.0,GKP,Spurs,0.0
583,Solomon,18,3,21,22,0.1,51,196,18871,2.7,14,2.8,0.0,0.0,0.0,MID,Spurs,2.7
639,Van de Ven,18,2,21,22,1.2,44,1033,750909,10.0,44,3.7,0.2,0.2,0.2,DEF,Spurs,10.0
640,Scarlett,18,4,21,22,0.1,45,0,7861,0.0,0,0.0,0.0,0.0,0.0,FWD,Spurs,0.0
641,Veliz,18,4,21,22,0.1,54,45,8872,2.0,11,1.4,1.5,0.0,0.0,FWD,Spurs,2.0
702,Phillips,18,2,21,22,0.1,40,0,11218,0.0,0,0.0,0.0,0.0,0.0,DEF,Spurs,0.0
722,Donley,18,4,21,22,0.0,45,2,7256,0.4,2,1.0,0.0,0.0,0.0,FWD,Spurs,0.4
740,Dorrington,18,2,21,22,0.0,40,0,1557,0.0,0,0.0,0.0,0.0,0.0,DEF,Spurs,0.0
754,Yago Santiago,18,3,21,22,0.0,45,0,270,0.0,0,0.0,0.0,0.0,0.0,MID,Spurs,0.0
776,Werner,18,4,21,22,0.7,65,79,86720,0.8,5,5.0,5.0,2.3,2.3,FWD,Spurs,0.8
777,Drăgușin,18,2,21,22,0.1,45,5,5427,0.2,1,1.0,1.0,2.1,2.1,DEF,Spurs,0.2
522,N.Aguerd,19,2,21,22,0.6,45,1416,108120,7.3,33,2.1,0.0,0.0,0.0,DEF,West Ham,7.3
523,Antonio,19,4,21,22,1.7,57,812,659915,6.7,38,3.2,0.0,0.2,0.0,FWD,West Ham,6.7
524,Areola,19,1,21,22,36.5,42,1620,2705827,18.3,77,4.3,8.0,8.5,8.0,GKP,West Ham,18.3
525,Benrahma,19,3,21,22,0.4,56,611,37600,3.6,20,1.5,0.5,1.0,0.0,MID,West Ham,3.6
526,Bowen,19,3,21,22,26.9,81,1797,5671556,14.0,113,5.7,4.8,2.6,2.4,MID,West Ham,14.0
527,Cornet,19,3,21,22,0.1,52,70,1834,1.5,8,4.0,1.8,2.3,1.8,MID,West Ham,1.5
528,Coufal,19,2,21,22,3.8,47,1796,777065,12.8,60,3.0,2.8,2.5,2.8,DEF,West Ham,12.8
529,Coventry,19,3,21,22,0.1,43,0,6821,0.0,0,0.0,0.0,0.5,0.0,MID,West Ham,0.0
530,Cresswell,19,2,21,22,0.3,42,130,19065,0.5,2,0.7,0.0,0.5,0.0,DEF,West Ham,0.5
531,Downes,19,3,21,22,0.0,50,0,126,0.0,0,0.0,0.0,0.0,0.0,MID,West Ham,0.0
532,Emerson,19,2,21,22,3.2,46,1755,403601,12.0,55,2.8,5.5,6.0,5.5,DEF,West Ham,12.0
533,Fabianski,19,1,21,22,1.3,42,271,54941,3.1,13,3.2,0.2,0.7,0.2,GKP,West Ham,3.1
534,P.Fornals,19,3,21,22,0.1,46,418,4228,4.1,19,1.3,1.5,2.0,1.5,MID,West Ham,4.1
535,Ings,19,4,21,22,0.6,56,222,43858,3.6,20,1.8,2.5,3.0,2.5,FWD,West Ham,3.6
536,Johnson,19,2,21,22,0.1,44,111,3091,1.6,7,2.3,1.8,2.3,1.8,DEF,West Ham,1.6
537,Kehrer,19,2,21,22,0.1,42,19,4290,0.5,2,0.5,0.0,0.0,0.0,DEF,West Ham,0.5
538,Mubama,19,4,21,22,4.8,42,75,617178,1.2,5,1.0,0.5,1.0,0.5,FWD,West Ham,1.2
539,L.Paquetá,19,3,21,22,1.6,60,1517,294434,10.5,63,3.5,1.5,0.5,0.4,MID,West Ham,10.5
541,Scamacca,19,4,21,22,0.0,60,0,0,0.0,0,0.0,0.0,0.0,0.0,FWD,West Ham,0.0
542,Souček,19,3,21,22,1.5,49,1615,326082,15.1,74,3.7,4.2,4.7,4.2,MID,West Ham,15.1
543,Vlašić,19,3,21,22,0.0,45,0,0,0.0,0,0.0,0.0,0.0,0.0,MID,West Ham,0.0
544,Zouma,19,2,21,22,1.5,45,1503,274882,10.0,45,2.6,1.8,2.3,1.8,DEF,West Ham,10.0
577,Ogbonna,19,2,21,22,0.1,43,318,8433,4.0,17,2.8,3.0,3.5,3.0,DEF,West Ham,4.0
642,Álvarez,19,3,21,22,0.2,50,1337,19780,6.8,34,2.0,2.2,2.7,2.2,MID,West Ham,6.8
647,Anang,19,1,21,22,0.1,40,0,5519,0.0,0,0.0,0.0,0.5,0.0,GKP,West Ham,0.0
664,Ward-Prowse,19,3,21,22,8.6,60,1772,2423962,15.2,91,4.5,5.2,5.7,5.2,MID,West Ham,15.2
676,Mavropanos,19,2,21,22,0.2,45,586,25340,6.4,29,3.6,7.0,5.6,7.0,DEF,West Ham,6.4
689,Kudus,19,3,21,22,3.3,68,961,1125261,11.2,76,4.8,3.0,0.0,0.0,MID,West Ham,11.2
773,Orford,19,3,21,22,0.0,45,0,36,0.0,0,0.0,0.0,0.5,0.0,MID,West Ham,0.0
774,Casey,19,2,21,22,0.0,40,0,247,0.0,0,0.0,0.0,0.5,0.0,DEF,West Ham,0.0
784,Scarles,19,2,21,22,0.0,40,0,1,0.0,0,0.0,0.0,1.8,1.3,DEF,West Ham,0.0
785,Marshall,19,4,21,22,0.0,45,0,1,0.0,0,0.0,0.0,1.7,1.2,FWD,West Ham,0.0
351,Doyle,20,3,21,22,0.1,44,404,10624,3.4,15,1.2,1.0,1.0,1.0,MID,Wolves,3.4
545,Aït-Nouri,20,2,21,22,0.3,45,1146,71712,6.2,28,1.6,3.5,0.0,0.0,DEF,Wolves,6.2
546,Bentley,20,1,21,22,1.1,39,247,140582,4.1,16,5.3,0.0,0.0,0.0,GKP,Wolves,4.1
547,Bolla,20,2,21,22,0.4,40,0,11202,0.0,0,0.0,0.0,0.0,0.0,DEF,Wolves,0.0
548,H.Bueno,20,2,21,22,0.1,44,389,6973,4.3,19,1.6,0.5,0.4,0.5,DEF,Wolves,4.3
549,Chiquinho,20,3,21,22,0.0,45,0,0,0.0,0,0.0,0.0,0.0,0.0,MID,Wolves,0.0
550,Cundle,20,3,21,22,0.0,45,0,0,0.0,0,0.0,0.0,0.0,0.0,MID,Wolves,0.0
551,Dawson,20,2,21,22,0.9,45,1579,144210,11.1,50,2.8,5.2,3.9,5.2,DEF,Wolves,11.1
552,Fábio Silva,20,4,21,22,0.2,52,259,17549,1.5,8,1.0,0.0,0.0,0.0,FWD,Wolves,1.5
554,Guedes,20,3,21,22,0.0,54,0,1001,0.0,0,0.0,0.0,0.0,0.0,MID,Wolves,0.0
555,Hodge,20,3,21,22,0.0,44,0,4090,0.0,0,0.0,0.0,0.0,0.0,MID,Wolves,0.0
556,Hoever,20,2,21,22,0.0,40,0,0,0.0,0,0.0,0.0,0.0,0.0,DEF,Wolves,0.0
557,Hee Chan,20,3,21,22,5.1,56,1446,1924730,17.9,100,5.0,5.5,0.0,0.0,MID,Wolves,17.9
559,João Gomes,20,3,21,22,0.1,49,1383,6243,6.9,34,1.9,1.8,0.0,0.0,MID,Wolves,6.9
560,J.Otto,20,2,21,22,0.0,43,4,1441,0.2,1,1.0,0.0,0.0,0.0,DEF,Wolves,0.2
561,Jordão,20,3,21,22,0.2,43,0,16851,0.0,0,0.0,0.0,0.0,0.0,MID,Wolves,0.0
562,Kalajdžić,20,4,21,22,0.1,49,158,25714,4.9,24,2.2,0.0,0.0,0.0,FWD,Wolves,4.9
563,Kilman,20,2,21,22,0.9,45,1800,117608,10.7,48,2.4,4.0,4.0,4.0,DEF,Wolves,10.7
564,King,20,1,21,22,0.7,39,0,19052,0.0,0,0.0,0.0,0.0,0.0,GKP,Wolves,0.0
565,Lemina,20,3,21,22,0.2,49,1471,34465,11.4,56,3.3,4.5,4.5,4.5,MID,Wolves,11.4
567,Neto,20,3,21,22,1.8,56,896,1404428,9.5,53,4.8,0.2,0.2,0.2,MID,Wolves,9.5
568,Podence,20,3,21,22,0.0,53,0,868,0.0,0,0.0,0.0,0.0,0.0,MID,Wolves,0.0
569,José Sá,20,1,21,22,1.4,50,1552,180145,10.4,52,2.9,3.0,3.0,3.0,GKP,Wolves,10.4
570,Sarabia,20,3,21,22,0.3,47,670,59664,10.0,47,3.6,3.8,3.8,3.8,MID,Wolves,10.0
571,Šarkić,20,1,21,22,0.3,40,0,0,0.0,0,0.0,0.0,0.0,0.0,GKP,Wolves,0.0
572,N.Semedo,20,2,21,22,0.7,45,1635,104160,8.9,40,2.1,2.5,2.5,2.5,DEF,Wolves,8.9
573,Toti,20,2,21,22,0.3,44,1282,36939,9.8,43,2.5,3.2,3.2,3.2,DEF,Wolves,9.8
574,Boubacar Traore,20,3,21,22,0.3,43,381,38339,3.0,13,1.1,0.2,0.0,0.0,MID,Wolves,3.0
590,Cunha,20,4,21,22,6.9,58,1673,1144310,14.7,85,4.2,4.5,4.5,4.5,FWD,Wolves,14.7
598,Doherty,20,2,21,22,0.2,43,415,17483,4.7,20,1.4,2.5,2.5,2.5,DEF,Wolves,4.7
697,S.Bueno,20,2,21,22,0.0,45,200,2894,0.9,4,1.3,0.8,0.8,0.8,DEF,Wolves,0.9
698,González,20,3,21,22,0.0,50,0,1687,0.0,0,0.0,0.0,0.0,0.0,MID,Wolves,0.0
704,Fraser,20,4,21,22,0.1,45,0,14791,0.0,0,0.0,0.0,0.0,0.0,FWD,Wolves,0.0
715,Bellegarde,20,3,21,22,0.0,49,515,6281,5.5,27,2.5,1.8,1.8,1.8,MID,Wolves,5.5
749,Whittingham,20,3,21,22,0.0,45,0,253,0.0,0,0.0,0.0,0.0,0.0,MID,Wolves,0.0
750,Chirewa,20,3,21,22,0.0,44,0,456,0.0,0,0.0,0.0,0.0,0.0,MID,Wolves,0.0
751,Hubner,20,2,21,22,0.0,40,0,2112,0.0,0,0.0,0.0,0.0,0.0,DEF,Wolves,0.0
769,Hesketh,20,3,21,22,0.0,45,0,76,0.0,0,0.0,0.0,0.0,0.0,MID,Wolves,0.0
770,Barnett,20,3,21,22,0.0,45,0,307,0.0,0,0.0,0.0,0.0,0.0,MID,Wolves,0.0
