id,code,event,finished,finished_provisional,team_a,team_a_score,team_h,team_h_score,kickoff_time,minutes,provisional_start_time,started,team_a_name,team_h_name
162,2367698,,False,False,12,,3,,,0,True,,Luton,Bournemouth
1,2367538,1.0,True,True,13,3.0,6,0.0,2023-08-11T19:00:00Z,90,False,True,Man City,Burnley
2,2367540,1.0,True,True,16,1.0,1,2.0,2023-08-12T12:00:00Z,90,False,True,Nott'm Forest,Arsenal
3,2367539,1.0,True,True,19,1.0,3,1.0,2023-08-12T14:00:00Z,90,False,True,West Ham,Bournemouth
4,2367541,1.0,True,True,12,1.0,5,4.0,2023-08-12T14:00:00Z,90,False,True,Luton,Brighton
5,2367542,1.0,True,True,10,1.0,9,0.0,2023-08-12T14:00:00Z,90,False,True,Fulham,Everton
7,2367544,1.0,True,True,8,1.0,17,0.0,2023-08-12T14:00:00Z,90,False,True,Crystal Palace,Sheffield Utd
6,2367543,1.0,True,True,2,1.0,15,5.0,2023-08-12T16:30:00Z,90,False,True,Aston Villa,Newcastle
8,2367545,1.0,True,True,18,2.0,4,2.0,2023-08-13T13:00:00Z,90,False,True,Spurs,Brentford
9,2367546,1.0,True,True,11,1.0,7,1.0,2023-08-13T15:30:00Z,90,False,True,Liverpool,Chelsea
10,2367547,1.0,True,True,20,0.0,14,1.0,2023-08-14T19:00:00Z,90,False,True,Wolves,Man Utd
17,2367554,2.0,True,True,17,1.0,16,2.0,2023-08-18T18:45:00Z,90,False,True,Sheffield Utd,Nott'm Forest
13,2367550,2.0,True,True,4,3.0,10,0.0,2023-08-19T14:00:00Z,90,False,True,Brentford,Fulham
14,2367551,2.0,True,True,3,1.0,11,3.0,2023-08-19T14:00:00Z,90,False,True,Bournemouth,Liverpool
20,2367557,2.0,True,True,5,4.0,20,1.0,2023-08-19T14:00:00Z,90,False,True,Brighton,Wolves
18,2367555,2.0,True,True,14,0.0,18,2.0,2023-08-19T16:30:00Z,90,False,True,Man Utd,Spurs
16,2367553,2.0,True,True,15,0.0,13,1.0,2023-08-19T19:00:00Z,90,False,True,Newcastle,Man City
11,2367548,2.0,True,True,9,0.0,2,4.0,2023-08-20T13:00:00Z,90,False,True,Everton,Aston Villa
19,2367556,2.0,True,True,7,1.0,19,3.0,2023-08-20T15:30:00Z,90,False,True,Chelsea,West Ham
12,2367549,2.0,True,True,1,1.0,8,0.0,2023-08-21T19:00:00Z,90,False,True,Arsenal,Crystal Palace
26,2367563,3.0,True,True,12,0.0,7,3.0,2023-08-25T19:00:00Z,90,False,True,Luton,Chelsea
22,2367558,3.0,True,True,18,2.0,3,0.0,2023-08-26T11:30:00Z,90,False,True,Spurs,Bournemouth
21,2367559,3.0,True,True,10,2.0,1,2.0,2023-08-26T14:00:00Z,90,False,True,Fulham,Arsenal
23,2367560,3.0,True,True,8,1.0,4,1.0,2023-08-26T14:00:00Z,90,False,True,Crystal Palace,Brentford
27,2367564,3.0,True,True,20,1.0,9,0.0,2023-08-26T14:00:00Z,90,False,True,Wolves,Everton
28,2367565,3.0,True,True,16,2.0,14,3.0,2023-08-26T14:00:00Z,90,False,True,Nott'm Forest,Man Utd
24,2367561,3.0,True,True,19,3.0,5,1.0,2023-08-26T16:30:00Z,90,False,True,West Ham,Brighton
25,2367562,3.0,True,True,2,3.0,6,1.0,2023-08-27T13:00:00Z,90,False,True,Aston Villa,Burnley
30,2367567,3.0,True,True,13,2.0,17,1.0,2023-08-27T13:00:00Z,90,False,True,Man City,Sheffield Utd
29,2367566,3.0,True,True,11,2.0,15,1.0,2023-08-27T15:30:00Z,90,False,True,Liverpool,Newcastle
38,2367575,4.0,True,True,19,2.0,12,1.0,2023-09-01T19:00:00Z,90,False,True,West Ham,Luton
40,2367577,4.0,True,True,9,2.0,17,2.0,2023-09-02T11:30:00Z,90,False,True,Everton,Sheffield Utd
32,2367569,4.0,True,True,3,2.0,4,2.0,2023-09-02T14:00:00Z,90,False,True,Bournemouth,Brentford
34,2367571,4.0,True,True,18,5.0,6,2.0,2023-09-02T14:00:00Z,90,False,True,Spurs,Burnley
35,2367572,4.0,True,True,16,1.0,7,0.0,2023-09-02T14:00:00Z,90,False,True,Nott'm Forest,Chelsea
39,2367576,4.0,True,True,10,1.0,13,5.0,2023-09-02T14:00:00Z,90,False,True,Fulham,Man City
33,2367570,4.0,True,True,15,1.0,5,3.0,2023-09-02T16:30:00Z,90,False,True,Newcastle,Brighton
36,2367573,4.0,True,True,20,2.0,8,3.0,2023-09-03T13:00:00Z,90,False,True,Wolves,Crystal Palace
37,2367574,4.0,True,True,2,0.0,11,3.0,2023-09-03T13:00:00Z,90,False,True,Aston Villa,Liverpool
31,2367568,4.0,True,True,14,1.0,1,3.0,2023-09-03T15:30:00Z,90,False,True,Man Utd,Arsenal
50,2367587,5.0,True,True,11,3.0,20,1.0,2023-09-16T11:30:00Z,90,False,True,Liverpool,Wolves
41,2367579,5.0,True,True,8,1.0,2,3.0,2023-09-16T14:00:00Z,90,False,True,Crystal Palace,Aston Villa
44,2367581,5.0,True,True,12,0.0,10,1.0,2023-09-16T14:00:00Z,90,False,True,Luton,Fulham
45,2367582,5.0,True,True,5,3.0,14,1.0,2023-09-16T14:00:00Z,90,False,True,Brighton,Man Utd
48,2367585,5.0,True,True,17,1.0,18,2.0,2023-09-16T14:00:00Z,90,False,True,Sheffield Utd,Spurs
49,2367586,5.0,True,True,13,3.0,19,1.0,2023-09-16T14:00:00Z,90,False,True,Man City,West Ham
46,2367583,5.0,True,True,4,0.0,15,1.0,2023-09-16T16:30:00Z,90,False,True,Brentford,Newcastle
42,2367578,5.0,True,True,7,0.0,3,0.0,2023-09-17T13:00:00Z,90,False,True,Chelsea,Bournemouth
43,2367580,5.0,True,True,1,1.0,9,0.0,2023-09-17T15:30:00Z,90,False,True,Arsenal,Everton
47,2367584,5.0,True,True,6,1.0,16,1.0,2023-09-18T18:45:00Z,90,False,True,Burnley,Nott'm Forest
56,2367593,6.0,True,True,10,0.0,8,0.0,2023-09-23T14:00:00Z,90,False,True,Fulham,Crystal Palace
58,2367595,6.0,True,True,20,1.0,12,1.0,2023-09-23T14:00:00Z,90,False,True,Wolves,Luton
59,2367596,6.0,True,True,16,0.0,13,2.0,2023-09-23T14:00:00Z,90,False,True,Nott'm Forest,Man City
52,2367589,6.0,True,True,9,3.0,4,1.0,2023-09-23T16:30:00Z,90,False,True,Everton,Brentford
54,2367591,6.0,True,True,14,1.0,6,0.0,2023-09-23T19:00:00Z,90,False,True,Man Utd,Burnley
51,2367588,6.0,True,True,18,2.0,1,2.0,2023-09-24T13:00:00Z,90,False,True,Spurs,Arsenal
53,2367590,6.0,True,True,3,1.0,5,3.0,2023-09-24T13:00:00Z,90,False,True,Bournemouth,Brighton
55,2367592,6.0,True,True,2,1.0,7,0.0,2023-09-24T13:00:00Z,90,False,True,Aston Villa,Chelsea
57,2367594,6.0,True,True,19,1.0,11,3.0,2023-09-24T13:00:00Z,90,False,True,West Ham,Liverpool
60,2367597,6.0,True,True,15,8.0,17,0.0,2023-09-24T15:30:00Z,90,False,True,Newcastle,Sheffield Utd
61,2367599,7.0,True,True,5,1.0,2,6.0,2023-09-30T11:30:00Z,90,False,True,Brighton,Aston Villa
62,2367598,7.0,True,True,1,4.0,3,0.0,2023-09-30T14:00:00Z,90,False,True,Arsenal,Bournemouth
63,2367600,7.0,True,True,12,2.0,9,1.0,2023-09-30T14:00:00Z,90,False,True,Luton,Everton
65,2367602,7.0,True,True,8,1.0,14,0.0,2023-09-30T14:00:00Z,90,False,True,Crystal Palace,Man Utd
66,2367603,7.0,True,True,6,0.0,15,2.0,2023-09-30T14:00:00Z,90,False,True,Burnley,Newcastle
69,2367606,7.0,True,True,17,0.0,19,2.0,2023-09-30T14:00:00Z,90,False,True,Sheffield Utd,West Ham
70,2367607,7.0,True,True,13,1.0,20,2.0,2023-09-30T14:00:00Z,90,False,True,Man City,Wolves
68,2367605,7.0,True,True,11,1.0,18,2.0,2023-09-30T16:30:00Z,90,False,True,Liverpool,Spurs
67,2367604,7.0,True,True,4,1.0,16,1.0,2023-10-01T13:00:00Z,90,False,True,Brentford,Nott'm Forest
64,2367601,7.0,True,True,7,2.0,10,0.0,2023-10-02T19:00:00Z,90,False,True,Chelsea,Fulham
15,2367552,7.0,True,True,6,2.0,12,1.0,2023-10-03T18:30:00Z,90,False,True,Burnley,Luton
77,2367614,8.0,True,True,18,1.0,12,0.0,2023-10-07T11:30:00Z,90,False,True,Spurs,Luton
73,2367610,8.0,True,True,7,4.0,6,1.0,2023-10-07T14:00:00Z,90,False,True,Chelsea,Burnley
75,2367612,8.0,True,True,3,0.0,9,3.0,2023-10-07T14:00:00Z,90,False,True,Bournemouth,Everton
76,2367613,8.0,True,True,17,1.0,10,3.0,2023-10-07T14:00:00Z,90,False,True,Sheffield Utd,Fulham
78,2367615,8.0,True,True,4,1.0,14,2.0,2023-10-07T14:00:00Z,90,False,True,Brentford,Man Utd
74,2367611,8.0,True,True,16,0.0,8,0.0,2023-10-07T16:30:00Z,90,False,True,Nott'm Forest,Crystal Palace
72,2367609,8.0,True,True,11,2.0,5,2.0,2023-10-08T13:00:00Z,90,False,True,Liverpool,Brighton
79,2367616,8.0,True,True,15,2.0,19,2.0,2023-10-08T13:00:00Z,90,False,True,Newcastle,West Ham
80,2367617,8.0,True,True,2,1.0,20,1.0,2023-10-08T13:00:00Z,90,False,True,Aston Villa,Wolves
71,2367608,8.0,True,True,13,0.0,1,1.0,2023-10-08T15:30:00Z,90,False,True,Man City,Arsenal
85,2367622,9.0,True,True,9,0.0,11,2.0,2023-10-21T11:30:00Z,90,False,True,Everton,Liverpool
82,2367618,9.0,True,True,20,2.0,3,1.0,2023-10-21T14:00:00Z,90,False,True,Wolves,Bournemouth
83,2367620,9.0,True,True,6,0.0,4,3.0,2023-10-21T14:00:00Z,90,False,True,Burnley,Brentford
86,2367623,9.0,True,True,5,1.0,13,2.0,2023-10-21T14:00:00Z,90,False,True,Brighton,Man City
87,2367624,9.0,True,True,8,0.0,15,4.0,2023-10-21T14:00:00Z,90,False,True,Crystal Palace,Newcastle
88,2367625,9.0,True,True,12,2.0,16,2.0,2023-10-21T14:00:00Z,90,False,True,Luton,Nott'm Forest
84,2367621,9.0,True,True,1,2.0,7,2.0,2023-10-21T16:30:00Z,90,False,True,Arsenal,Chelsea
89,2367626,9.0,True,True,14,2.0,17,1.0,2023-10-21T19:00:00Z,90,False,True,Man Utd,Sheffield Utd
81,2367619,9.0,True,True,19,1.0,2,4.0,2023-10-22T15:30:00Z,90,False,True,West Ham,Aston Villa
90,2367627,9.0,True,True,10,0.0,18,2.0,2023-10-23T19:00:00Z,90,False,True,Fulham,Spurs
96,2367633,10.0,True,True,18,2.0,8,1.0,2023-10-27T19:00:00Z,90,False,True,Spurs,Crystal Palace
95,2367632,10.0,True,True,4,2.0,7,0.0,2023-10-28T11:30:00Z,90,False,True,Brentford,Chelsea
91,2367629,10.0,True,True,17,0.0,1,5.0,2023-10-28T14:00:00Z,90,False,True,Sheffield Utd,Arsenal
93,2367628,10.0,True,True,6,1.0,3,2.0,2023-10-28T14:00:00Z,90,False,True,Burnley,Bournemouth
100,2367637,10.0,True,True,15,2.0,20,2.0,2023-10-28T16:30:00Z,90,False,True,Newcastle,Wolves
99,2367636,10.0,True,True,9,1.0,19,0.0,2023-10-29T13:00:00Z,90,False,True,Everton,West Ham
92,2367630,10.0,True,True,12,1.0,2,3.0,2023-10-29T14:00:00Z,90,False,True,Luton,Aston Villa
94,2367631,10.0,True,True,10,1.0,5,1.0,2023-10-29T14:00:00Z,90,False,True,Fulham,Brighton
97,2367634,10.0,True,True,16,0.0,11,3.0,2023-10-29T14:00:00Z,90,False,True,Nott'm Forest,Liverpool
98,2367635,10.0,True,True,13,3.0,14,0.0,2023-10-29T15:30:00Z,90,False,True,Man City,Man Utd
104,2367641,11.0,True,True,14,1.0,10,0.0,2023-11-04T12:30:00Z,90,False,True,Man Utd,Fulham
101,2367638,11.0,True,True,19,2.0,4,3.0,2023-11-04T15:00:00Z,90,False,True,West Ham,Brentford
102,2367639,11.0,True,True,8,2.0,6,0.0,2023-11-04T15:00:00Z,90,False,True,Crystal Palace,Burnley
103,2367640,11.0,True,True,5,1.0,9,1.0,2023-11-04T15:00:00Z,90,False,True,Brighton,Everton
106,2367643,11.0,True,True,3,1.0,13,6.0,2023-11-04T15:00:00Z,90,False,True,Bournemouth,Man City
109,2367646,11.0,True,True,20,1.0,17,2.0,2023-11-04T15:00:00Z,90,False,True,Wolves,Sheffield Utd
107,2367644,11.0,True,True,1,0.0,15,1.0,2023-11-04T17:30:00Z,90,False,True,Arsenal,Newcastle
108,2367645,11.0,True,True,2,0.0,16,2.0,2023-11-05T14:00:00Z,90,False,True,Aston Villa,Nott'm Forest
105,2367642,11.0,True,True,11,1.0,12,1.0,2023-11-05T16:30:00Z,90,False,True,Liverpool,Luton
110,2367647,11.0,True,True,7,4.0,18,1.0,2023-11-06T20:00:00Z,90,False,True,Chelsea,Spurs
120,2367657,12.0,True,True,18,1.0,20,2.0,2023-11-11T12:30:00Z,90,False,True,Spurs,Wolves
111,2367649,12.0,True,True,6,1.0,1,3.0,2023-11-11T15:00:00Z,90,False,True,Burnley,Arsenal
116,2367653,12.0,True,True,9,3.0,8,2.0,2023-11-11T15:00:00Z,90,False,True,Everton,Crystal Palace
118,2367655,12.0,True,True,12,0.0,14,1.0,2023-11-11T15:00:00Z,90,False,True,Luton,Man Utd
113,2367648,12.0,True,True,15,0.0,3,2.0,2023-11-11T17:30:00Z,90,False,True,Newcastle,Bournemouth
112,2367650,12.0,True,True,10,1.0,2,3.0,2023-11-12T14:00:00Z,90,False,True,Fulham,Aston Villa
114,2367651,12.0,True,True,17,1.0,5,1.0,2023-11-12T14:00:00Z,90,False,True,Sheffield Utd,Brighton
117,2367654,12.0,True,True,4,0.0,11,3.0,2023-11-12T14:00:00Z,90,False,True,Brentford,Liverpool
119,2367656,12.0,True,True,16,2.0,19,3.0,2023-11-12T14:00:00Z,90,False,True,Nott'm Forest,West Ham
115,2367652,12.0,True,True,13,4.0,7,4.0,2023-11-12T16:30:00Z,90,False,True,Man City,Chelsea
126,2367663,13.0,True,True,11,1.0,13,1.0,2023-11-25T12:30:00Z,90,False,True,Liverpool,Man City
122,2367659,13.0,True,True,19,2.0,6,1.0,2023-11-25T15:00:00Z,90,False,True,West Ham,Burnley
125,2367662,13.0,True,True,8,1.0,12,2.0,2023-11-25T15:00:00Z,90,False,True,Crystal Palace,Luton
127,2367664,13.0,True,True,7,1.0,15,4.0,2023-11-25T15:00:00Z,90,False,True,Chelsea,Newcastle
128,2367665,13.0,True,True,5,3.0,16,2.0,2023-11-25T15:00:00Z,90,False,True,Brighton,Nott'm Forest
129,2367666,13.0,True,True,3,3.0,17,1.0,2023-11-25T15:00:00Z,90,False,True,Bournemouth,Sheffield Utd
121,2367658,13.0,True,True,1,1.0,4,0.0,2023-11-25T17:30:00Z,90,False,True,Arsenal,Brentford
130,2367667,13.0,True,True,2,2.0,18,1.0,2023-11-26T14:00:00Z,90,False,True,Aston Villa,Spurs
123,2367660,13.0,True,True,14,3.0,9,0.0,2023-11-26T16:30:00Z,90,False,True,Man Utd,Everton
124,2367661,13.0,True,True,20,2.0,10,3.0,2023-11-27T20:00:00Z,90,False,True,Wolves,Fulham
131,2367669,14.0,True,True,20,1.0,1,2.0,2023-12-02T15:00:00Z,90,False,True,Wolves,Arsenal
133,2367670,14.0,True,True,12,1.0,4,3.0,2023-12-02T15:00:00Z,90,False,True,Luton,Brentford
134,2367671,14.0,True,True,17,0.0,6,5.0,2023-12-02T15:00:00Z,90,False,True,Sheffield Utd,Burnley
139,2367676,14.0,True,True,9,1.0,16,0.0,2023-12-02T17:30:00Z,90,False,True,Everton,Nott'm Forest
138,2367675,14.0,True,True,14,0.0,15,1.0,2023-12-02T20:00:00Z,90,False,True,Man Utd,Newcastle
132,2367668,14.0,True,True,2,2.0,3,2.0,2023-12-03T14:00:00Z,90,False,True,Aston Villa,Bournemouth
135,2367672,14.0,True,True,5,2.0,7,3.0,2023-12-03T14:00:00Z,90,False,True,Brighton,Chelsea
136,2367673,14.0,True,True,10,3.0,11,4.0,2023-12-03T14:00:00Z,90,False,True,Fulham,Liverpool
140,2367677,14.0,True,True,8,1.0,19,1.0,2023-12-03T14:00:00Z,90,False,True,Crystal Palace,West Ham
137,2367674,14.0,True,True,18,3.0,13,3.0,2023-12-03T16:30:00Z,90,False,True,Spurs,Man City
149,2367686,15.0,True,True,6,0.0,20,1.0,2023-12-05T19:30:00Z,90,False,True,Burnley,Wolves
146,2367683,15.0,True,True,1,4.0,12,3.0,2023-12-05T20:15:00Z,90,False,True,Arsenal,Luton
142,2367679,15.0,True,True,4,1.0,5,2.0,2023-12-06T19:30:00Z,90,False,True,Brentford,Brighton
143,2367680,15.0,True,True,3,2.0,8,0.0,2023-12-06T19:30:00Z,90,False,True,Bournemouth,Crystal Palace
145,2367682,15.0,True,True,16,0.0,10,5.0,2023-12-06T19:30:00Z,90,False,True,Nott'm Forest,Fulham
147,2367684,15.0,True,True,11,2.0,17,0.0,2023-12-06T19:30:00Z,90,False,True,Liverpool,Sheffield Utd
141,2367678,15.0,True,True,13,0.0,2,1.0,2023-12-06T20:15:00Z,90,False,True,Man City,Aston Villa
150,2367687,15.0,True,True,7,1.0,14,2.0,2023-12-06T20:15:00Z,90,False,True,Chelsea,Man Utd
144,2367681,15.0,True,True,15,0.0,9,3.0,2023-12-07T19:30:00Z,90,False,True,Newcastle,Everton
148,2367685,15.0,True,True,19,2.0,18,1.0,2023-12-07T20:15:00Z,90,False,True,West Ham,Spurs
153,2367690,16.0,True,True,11,2.0,8,1.0,2023-12-09T12:30:00Z,90,False,True,Liverpool,Crystal Palace
152,2367689,16.0,True,True,6,1.0,5,1.0,2023-12-09T15:00:00Z,90,False,True,Burnley,Brighton
157,2367694,16.0,True,True,3,3.0,14,0.0,2023-12-09T15:00:00Z,90,False,True,Bournemouth,Man Utd
158,2367695,16.0,True,True,4,0.0,17,1.0,2023-12-09T15:00:00Z,90,False,True,Brentford,Sheffield Utd
160,2367697,16.0,True,True,16,1.0,20,1.0,2023-12-09T15:00:00Z,90,False,True,Nott'm Forest,Wolves
151,2367688,16.0,True,True,1,0.0,2,1.0,2023-12-09T17:30:00Z,90,False,True,Arsenal,Aston Villa
154,2367691,16.0,True,True,7,0.0,9,2.0,2023-12-10T14:00:00Z,90,False,True,Chelsea,Everton
155,2367692,16.0,True,True,19,0.0,10,5.0,2023-12-10T14:00:00Z,90,False,True,West Ham,Fulham
156,2367693,16.0,True,True,13,2.0,12,1.0,2023-12-10T14:00:00Z,90,False,True,Man City,Luton
159,2367696,16.0,True,True,15,1.0,18,4.0,2023-12-10T16:30:00Z,90,False,True,Newcastle,Spurs
169,2367706,17.0,True,True,18,2.0,16,0.0,2023-12-15T20:00:00Z,90,False,True,Spurs,Nott'm Forest
165,2367702,17.0,True,True,17,0.0,7,2.0,2023-12-16T15:00:00Z,90,False,True,Sheffield Utd,Chelsea
167,2367704,17.0,True,True,8,2.0,13,2.0,2023-12-16T15:00:00Z,90,False,True,Crystal Palace,Man City
168,2367705,17.0,True,True,10,0.0,15,3.0,2023-12-16T15:00:00Z,90,False,True,Fulham,Newcastle
164,2367701,17.0,True,True,9,2.0,6,0.0,2023-12-16T17:30:00Z,90,False,True,Everton,Burnley
161,2367699,17.0,True,True,5,0.0,1,2.0,2023-12-17T14:00:00Z,90,False,True,Brighton,Arsenal
163,2367700,17.0,True,True,2,2.0,4,1.0,2023-12-17T14:00:00Z,90,False,True,Aston Villa,Brentford
170,2367707,17.0,True,True,20,0.0,19,3.0,2023-12-17T14:00:00Z,90,False,True,Wolves,West Ham
166,2367703,17.0,True,True,14,0.0,11,0.0,2023-12-17T16:30:00Z,90,False,True,Man Utd,Liverpool
172,2367709,18.0,True,True,5,1.0,8,1.0,2023-12-21T20:00:00Z,90,False,True,Brighton,Crystal Palace
171,2367708,18.0,True,True,17,1.0,2,1.0,2023-12-22T20:00:00Z,90,False,True,Sheffield Utd,Aston Villa
179,2367716,18.0,True,True,14,0.0,19,2.0,2023-12-23T12:30:00Z,90,False,True,Man Utd,West Ham
173,2367710,18.0,True,True,6,2.0,10,0.0,2023-12-23T15:00:00Z,90,False,True,Burnley,Fulham
175,2367712,18.0,True,True,15,0.0,12,1.0,2023-12-23T15:00:00Z,90,False,True,Newcastle,Luton
177,2367714,18.0,True,True,3,3.0,16,2.0,2023-12-23T15:00:00Z,90,False,True,Bournemouth,Nott'm Forest
178,2367715,18.0,True,True,9,1.0,18,2.0,2023-12-23T15:00:00Z,90,False,True,Everton,Spurs
174,2367711,18.0,True,True,1,1.0,11,1.0,2023-12-23T17:30:00Z,90,False,True,Arsenal,Liverpool
180,2367717,18.0,True,True,7,1.0,20,2.0,2023-12-24T13:00:00Z,90,False,True,Chelsea,Wolves
189,2367726,19.0,True,True,16,3.0,15,1.0,2023-12-26T12:30:00Z,90,False,True,Nott'm Forest,Newcastle
182,2367718,19.0,True,True,10,0.0,3,3.0,2023-12-26T15:00:00Z,90,False,True,Fulham,Bournemouth
190,2367727,19.0,True,True,12,3.0,17,2.0,2023-12-26T15:00:00Z,90,False,True,Luton,Sheffield Utd
185,2367722,19.0,True,True,11,2.0,6,0.0,2023-12-26T17:30:00Z,90,False,True,Liverpool,Burnley
188,2367725,19.0,True,True,2,2.0,14,3.0,2023-12-26T20:00:00Z,90,False,True,Aston Villa,Man Utd
183,2367720,19.0,True,True,20,4.0,4,1.0,2023-12-27T19:30:00Z,90,False,True,Wolves,Brentford
186,2367723,19.0,True,True,8,1.0,7,2.0,2023-12-27T19:30:00Z,90,False,True,Crystal Palace,Chelsea
187,2367724,19.0,True,True,13,3.0,9,1.0,2023-12-27T20:15:00Z,90,False,True,Man City,Everton
184,2367721,19.0,True,True,18,2.0,5,4.0,2023-12-28T19:30:00Z,90,False,True,Spurs,Brighton
181,2367719,19.0,True,True,19,2.0,1,0.0,2023-12-28T20:15:00Z,90,False,True,West Ham,Arsenal
195,2367732,20.0,True,True,7,3.0,12,2.0,2023-12-30T12:30:00Z,90,False,True,Chelsea,Luton
191,2367728,20.0,True,True,6,2.0,2,3.0,2023-12-30T15:00:00Z,90,False,True,Burnley,Aston Villa
192,2367729,20.0,True,True,4,1.0,8,3.0,2023-12-30T15:00:00Z,90,False,True,Brentford,Crystal Palace
196,2367733,20.0,True,True,17,0.0,13,2.0,2023-12-30T15:00:00Z,90,False,True,Sheffield Utd,Man City
200,2367737,20.0,True,True,9,0.0,20,3.0,2023-12-30T15:00:00Z,90,False,True,Everton,Wolves
197,2367734,20.0,True,True,14,1.0,16,2.0,2023-12-30T17:30:00Z,90,False,True,Man Utd,Nott'm Forest
193,2367730,20.0,True,True,1,1.0,10,2.0,2023-12-31T14:00:00Z,90,False,True,Arsenal,Fulham
198,2367735,20.0,True,True,3,1.0,18,3.0,2023-12-31T14:00:00Z,90,False,True,Bournemouth,Spurs
194,2367731,20.0,True,True,15,2.0,11,4.0,2024-01-01T20:00:00Z,90,False,True,Newcastle,Liverpool
199,2367736,20.0,True,True,5,0.0,19,0.0,2024-01-02T19:30:00Z,90,False,True,Brighton,West Ham
205,2367742,21.0,True,True,12,1.0,6,1.0,2024-01-12T19:45:00Z,90,False,True,Luton,Burnley
206,2367743,21.0,True,True,10,0.0,7,1.0,2024-01-13T12:30:00Z,90,False,True,Fulham,Chelsea
209,2367746,21.0,True,True,13,3.0,15,2.0,2024-01-13T17:30:00Z,90,False,True,Man City,Newcastle
207,2367744,21.0,True,True,2,0.0,9,0.0,2024-01-14T14:00:00Z,90,False,True,Aston Villa,Everton
208,2367745,21.0,True,True,18,2.0,14,2.0,2024-01-14T16:30:00Z,90,False,True,Spurs,Man Utd
201,2367739,21.0,False,True,8,0.0,1,5.0,2024-01-20T12:30:00Z,90,False,True,Crystal Palace,Arsenal
203,2367740,21.0,False,False,16,1.0,4,1.0,2024-01-20T17:30:00Z,0,False,True,Nott'm Forest,Brentford
210,2367747,21.0,False,False,19,,17,,2024-01-21T14:00:00Z,0,False,False,West Ham,Sheffield Utd
202,2367738,21.0,False,False,11,,3,,2024-01-21T16:30:00Z,0,False,False,Liverpool,Bournemouth
204,2367741,21.0,False,False,20,,5,,2024-01-22T19:45:00Z,0,False,False,Wolves,Brighton
215,2367752,22.0,False,False,1,,16,,2024-01-30T19:30:00Z,0,False,False,Arsenal,Nott'm Forest
213,2367750,22.0,False,False,9,,10,,2024-01-30T19:45:00Z,0,False,False,Everton,Fulham
214,2367751,22.0,False,False,5,,12,,2024-01-30T19:45:00Z,0,False,False,Brighton,Luton
212,2367749,22.0,False,False,17,,8,,2024-01-30T20:00:00Z,0,False,False,Sheffield Utd,Crystal Palace
211,2367748,22.0,False,False,15,,2,,2024-01-30T20:15:00Z,0,False,False,Newcastle,Aston Villa
220,2367757,22.0,False,False,6,,13,,2024-01-31T19:30:00Z,0,False,False,Burnley,Man City
216,2367753,22.0,False,False,4,,18,,2024-01-31T19:30:00Z,0,False,False,Brentford,Spurs
219,2367756,22.0,False,False,7,,11,,2024-01-31T20:15:00Z,0,False,False,Chelsea,Liverpool
217,2367754,22.0,False,False,3,,19,,2024-02-01T19:30:00Z,0,False,False,Bournemouth,West Ham
218,2367755,22.0,False,False,14,,20,,2024-02-01T20:15:00Z,0,False,False,Man Utd,Wolves
227,2367764,23.0,False,False,18,,9,,2024-02-03T12:30:00Z,0,False,False,Spurs,Everton
224,2367761,23.0,False,False,8,,5,,2024-02-03T15:00:00Z,0,False,False,Crystal Palace,Brighton
225,2367762,23.0,False,False,10,,6,,2024-02-03T15:00:00Z,0,False,False,Fulham,Burnley
229,2367766,23.0,False,False,12,,15,,2024-02-03T15:00:00Z,0,False,False,Luton,Newcastle
230,2367767,23.0,False,False,2,,17,,2024-02-03T17:30:00Z,0,False,False,Aston Villa,Sheffield Utd
222,2367758,23.0,False,False,16,,3,,2024-02-04T14:00:00Z,0,False,False,Nott'm Forest,Bournemouth
226,2367763,23.0,False,False,20,,7,,2024-02-04T14:00:00Z,0,False,False,Wolves,Chelsea
228,2367765,23.0,False,False,19,,14,,2024-02-04T14:00:00Z,0,False,False,West Ham,Man Utd
221,2367759,23.0,False,False,11,,1,,2024-02-04T16:30:00Z,0,False,False,Liverpool,Arsenal
223,2367760,23.0,False,False,13,,4,,2024-02-05T20:00:00Z,0,False,False,Man City,Brentford
236,2367773,24.0,False,False,9,,13,,2024-02-10T12:30:00Z,0,False,False,Everton,Man City
233,2367770,24.0,False,False,3,,10,,2024-02-10T15:00:00Z,0,False,False,Bournemouth,Fulham
234,2367771,24.0,False,False,6,,11,,2024-02-10T15:00:00Z,0,False,False,Burnley,Liverpool
235,2367772,24.0,False,False,17,,12,,2024-02-10T15:00:00Z,0,False,False,Sheffield Utd,Luton
238,2367775,24.0,False,False,5,,18,,2024-02-10T15:00:00Z,0,False,False,Brighton,Spurs
240,2367777,24.0,False,False,4,,20,,2024-02-10T15:00:00Z,0,False,False,Brentford,Wolves
237,2367774,24.0,False,False,15,,16,,2024-02-10T17:30:00Z,0,False,False,Newcastle,Nott'm Forest
239,2367776,24.0,False,False,1,,19,,2024-02-11T14:00:00Z,0,False,False,Arsenal,West Ham
231,2367768,24.0,False,False,14,,2,,2024-02-11T16:30:00Z,0,False,False,Man Utd,Aston Villa
232,2367769,24.0,False,False,7,,8,,2024-02-12T20:00:00Z,0,False,False,Chelsea,Crystal Palace
241,2367778,25.0,False,False,11,,4,,2024-02-17T12:30:00Z,0,False,False,Liverpool,Brentford
242,2367779,25.0,False,False,1,,6,,2024-02-17T15:00:00Z,0,False,False,Arsenal,Burnley
244,2367781,25.0,False,False,2,,10,,2024-02-17T15:00:00Z,0,False,False,Aston Villa,Fulham
247,2367784,25.0,False,False,3,,15,,2024-02-17T15:00:00Z,0,False,False,Bournemouth,Newcastle
248,2367785,25.0,False,False,19,,16,,2024-02-17T15:00:00Z,0,False,False,West Ham,Nott'm Forest
250,2367787,25.0,False,False,20,,18,,2024-02-17T15:00:00Z,0,False,False,Wolves,Spurs
246,2367783,25.0,False,False,7,,13,,2024-02-17T17:30:00Z,0,False,False,Chelsea,Man City
249,2367786,25.0,False,False,5,,17,,2024-02-18T14:00:00Z,0,False,False,Brighton,Sheffield Utd
245,2367782,25.0,False,False,14,,12,,2024-02-18T16:30:00Z,0,False,False,Man Utd,Luton
243,2367780,25.0,False,False,8,,9,,2024-02-19T20:00:00Z,0,False,False,Crystal Palace,Everton
176,2367713,25.0,False,False,4,,13,,2024-02-20T19:30:00Z,0,False,False,Brentford,Man City
255,2367792,26.0,False,False,18,,7,,2024-02-23T20:00:00Z,0,False,False,Spurs,Chelsea
252,2367790,26.0,False,False,16,,2,,2024-02-24T15:00:00Z,0,False,False,Nott'm Forest,Aston Villa
254,2367791,26.0,False,False,9,,5,,2024-02-24T15:00:00Z,0,False,False,Everton,Brighton
256,2367793,26.0,False,False,6,,8,,2024-02-24T15:00:00Z,0,False,False,Burnley,Crystal Palace
257,2367794,26.0,False,False,12,,11,,2024-02-24T15:00:00Z,0,False,False,Luton,Liverpool
258,2367795,26.0,False,False,10,,14,,2024-02-24T15:00:00Z,0,False,False,Fulham,Man Utd
253,2367788,26.0,False,False,13,,3,,2024-02-24T17:30:00Z,0,False,False,Man City,Bournemouth
251,2367789,26.0,False,False,15,,1,,2024-02-24T20:00:00Z,0,False,False,Newcastle,Arsenal
260,2367797,26.0,False,False,17,,20,,2024-02-25T13:30:00Z,0,False,False,Sheffield Utd,Wolves
259,2367796,26.0,False,False,4,,19,,2024-02-26T20:00:00Z,0,False,False,Brentford,West Ham
261,2367798,27.0,False,False,7,,4,,2024-03-02T15:00:00Z,0,False,False,Chelsea,Brentford
262,2367799,27.0,False,False,3,,6,,2024-03-02T15:00:00Z,0,False,False,Bournemouth,Burnley
263,2367800,27.0,False,False,19,,9,,2024-03-02T15:00:00Z,0,False,False,West Ham,Everton
264,2367801,27.0,False,False,5,,10,,2024-03-02T15:00:00Z,0,False,False,Brighton,Fulham
265,2367802,27.0,False,False,2,,12,,2024-03-02T15:00:00Z,0,False,False,Aston Villa,Luton
266,2367803,27.0,False,False,14,,13,,2024-03-02T15:00:00Z,0,False,False,Man Utd,Man City
267,2367804,27.0,False,False,20,,15,,2024-03-02T15:00:00Z,0,False,False,Wolves,Newcastle
268,2367805,27.0,False,False,11,,16,,2024-03-02T15:00:00Z,0,False,False,Liverpool,Nott'm Forest
269,2367806,27.0,False,False,1,,17,,2024-03-02T15:00:00Z,0,False,False,Arsenal,Sheffield Utd
270,2367807,27.0,False,False,8,,18,,2024-03-02T15:00:00Z,0,False,False,Crystal Palace,Spurs
271,2367809,28.0,False,False,4,,1,,2024-03-09T15:00:00Z,0,False,False,Brentford,Arsenal
272,2367810,28.0,False,False,18,,2,,2024-03-09T15:00:00Z,0,False,False,Spurs,Aston Villa
273,2367808,28.0,False,False,17,,3,,2024-03-09T15:00:00Z,0,False,False,Sheffield Utd,Bournemouth
274,2367811,28.0,False,False,16,,5,,2024-03-09T15:00:00Z,0,False,False,Nott'm Forest,Brighton
275,2367812,28.0,False,False,15,,7,,2024-03-09T15:00:00Z,0,False,False,Newcastle,Chelsea
276,2367813,28.0,False,False,12,,8,,2024-03-09T15:00:00Z,0,False,False,Luton,Crystal Palace
277,2367814,28.0,False,False,13,,11,,2024-03-09T15:00:00Z,0,False,False,Man City,Liverpool
278,2367815,28.0,False,False,9,,14,,2024-03-09T15:00:00Z,0,False,False,Everton,Man Utd
279,2367816,28.0,False,False,6,,19,,2024-03-09T15:00:00Z,0,False,False,Burnley,West Ham
280,2367817,28.0,False,False,10,,20,,2024-03-09T15:00:00Z,0,False,False,Fulham,Wolves
281,2367818,29.0,False,False,7,,1,,2024-03-16T15:00:00Z,0,False,False,Chelsea,Arsenal
282,2367819,29.0,False,False,13,,5,,2024-03-16T15:00:00Z,0,False,False,Man City,Brighton
283,2367820,29.0,False,False,4,,6,,2024-03-16T15:00:00Z,0,False,False,Brentford,Burnley
284,2367821,29.0,False,False,15,,8,,2024-03-16T15:00:00Z,0,False,False,Newcastle,Crystal Palace
285,2367822,29.0,False,False,11,,9,,2024-03-16T15:00:00Z,0,False,False,Liverpool,Everton
286,2367823,29.0,False,False,18,,10,,2024-03-16T15:00:00Z,0,False,False,Spurs,Fulham
287,2367824,29.0,False,False,16,,12,,2024-03-16T15:00:00Z,0,False,False,Nott'm Forest,Luton
288,2367825,29.0,False,False,17,,14,,2024-03-16T15:00:00Z,0,False,False,Sheffield Utd,Man Utd
289,2367826,29.0,False,False,2,,19,,2024-03-16T15:00:00Z,0,False,False,Aston Villa,West Ham
290,2367827,29.0,False,False,3,,20,,2024-03-16T15:00:00Z,0,False,False,Bournemouth,Wolves
291,2367829,30.0,False,False,20,,2,,2024-03-30T15:00:00Z,0,False,False,Wolves,Aston Villa
292,2367828,30.0,False,False,9,,3,,2024-03-30T15:00:00Z,0,False,False,Everton,Bournemouth
293,2367830,30.0,False,False,14,,4,,2024-03-30T15:00:00Z,0,False,False,Man Utd,Brentford
294,2367831,30.0,False,False,6,,7,,2024-03-30T15:00:00Z,0,False,False,Burnley,Chelsea
295,2367832,30.0,False,False,5,,11,,2024-03-30T15:00:00Z,0,False,False,Brighton,Liverpool
296,2367833,30.0,False,False,1,,13,,2024-03-30T15:00:00Z,0,False,False,Arsenal,Man City
297,2367834,30.0,False,False,19,,15,,2024-03-30T15:00:00Z,0,False,False,West Ham,Newcastle
298,2367835,30.0,False,False,8,,16,,2024-03-30T15:00:00Z,0,False,False,Crystal Palace,Nott'm Forest
299,2367836,30.0,False,False,10,,17,,2024-03-30T15:00:00Z,0,False,False,Fulham,Sheffield Utd
300,2367837,30.0,False,False,12,,18,,2024-03-30T15:00:00Z,0,False,False,Luton,Spurs
301,2367839,31.0,False,False,12,,1,,2024-04-02T18:45:00Z,0,False,False,Luton,Arsenal
302,2367838,31.0,False,False,8,,3,,2024-04-02T18:45:00Z,0,False,False,Crystal Palace,Bournemouth
303,2367840,31.0,False,False,5,,4,,2024-04-02T18:45:00Z,0,False,False,Brighton,Brentford
304,2367841,31.0,False,False,20,,6,,2024-04-02T18:45:00Z,0,False,False,Wolves,Burnley
305,2367842,31.0,False,False,10,,16,,2024-04-02T18:45:00Z,0,False,False,Fulham,Nott'm Forest
306,2367843,31.0,False,False,18,,19,,2024-04-02T18:45:00Z,0,False,False,Spurs,West Ham
307,2367844,31.0,False,False,14,,7,,2024-04-03T18:45:00Z,0,False,False,Man Utd,Chelsea
310,2367847,31.0,False,False,9,,15,,2024-04-03T18:45:00Z,0,False,False,Everton,Newcastle
308,2367845,31.0,False,False,17,,11,,2024-04-03T19:00:00Z,0,False,False,Sheffield Utd,Liverpool
309,2367846,31.0,False,False,2,,13,,2024-04-03T19:00:00Z,0,False,False,Aston Villa,Man City
311,2367848,32.0,False,False,4,,2,,2024-04-06T14:00:00Z,0,False,False,Brentford,Aston Villa
312,2367849,32.0,False,False,1,,5,,2024-04-06T14:00:00Z,0,False,False,Arsenal,Brighton
313,2367850,32.0,False,False,13,,8,,2024-04-06T14:00:00Z,0,False,False,Man City,Crystal Palace
314,2367851,32.0,False,False,6,,9,,2024-04-06T14:00:00Z,0,False,False,Burnley,Everton
315,2367852,32.0,False,False,15,,10,,2024-04-06T14:00:00Z,0,False,False,Newcastle,Fulham
316,2367853,32.0,False,False,3,,12,,2024-04-06T14:00:00Z,0,False,False,Bournemouth,Luton
317,2367854,32.0,False,False,11,,14,,2024-04-06T14:00:00Z,0,False,False,Liverpool,Man Utd
318,2367855,32.0,False,False,7,,17,,2024-04-06T14:00:00Z,0,False,False,Chelsea,Sheffield Utd
319,2367856,32.0,False,False,16,,18,,2024-04-06T14:00:00Z,0,False,False,Nott'm Forest,Spurs
320,2367857,32.0,False,False,19,,20,,2024-04-06T14:00:00Z,0,False,False,West Ham,Wolves
321,2367859,33.0,False,False,2,,1,,2024-04-13T14:00:00Z,0,False,False,Aston Villa,Arsenal
322,2367858,33.0,False,False,14,,3,,2024-04-13T14:00:00Z,0,False,False,Man Utd,Bournemouth
323,2367860,33.0,False,False,17,,4,,2024-04-13T14:00:00Z,0,False,False,Sheffield Utd,Brentford
324,2367861,33.0,False,False,5,,6,,2024-04-13T14:00:00Z,0,False,False,Brighton,Burnley
325,2367862,33.0,False,False,9,,7,,2024-04-13T14:00:00Z,0,False,False,Everton,Chelsea
326,2367863,33.0,False,False,8,,11,,2024-04-13T14:00:00Z,0,False,False,Crystal Palace,Liverpool
327,2367864,33.0,False,False,12,,13,,2024-04-13T14:00:00Z,0,False,False,Luton,Man City
328,2367865,33.0,False,False,18,,15,,2024-04-13T14:00:00Z,0,False,False,Spurs,Newcastle
329,2367866,33.0,False,False,20,,16,,2024-04-13T14:00:00Z,0,False,False,Wolves,Nott'm Forest
330,2367867,33.0,False,False,10,,19,,2024-04-13T14:00:00Z,0,False,False,Fulham,West Ham
331,2367868,34.0,False,False,3,,2,,2024-04-20T14:00:00Z,0,False,False,Bournemouth,Aston Villa
332,2367869,34.0,False,False,7,,5,,2024-04-20T14:00:00Z,0,False,False,Chelsea,Brighton
333,2367870,34.0,False,False,19,,8,,2024-04-20T14:00:00Z,0,False,False,West Ham,Crystal Palace
334,2367871,34.0,False,False,16,,9,,2024-04-20T14:00:00Z,0,False,False,Nott'm Forest,Everton
335,2367872,34.0,False,False,11,,10,,2024-04-20T14:00:00Z,0,False,False,Liverpool,Fulham
336,2367873,34.0,False,False,4,,12,,2024-04-20T14:00:00Z,0,False,False,Brentford,Luton
337,2367874,34.0,False,False,15,,14,,2024-04-20T14:00:00Z,0,False,False,Newcastle,Man Utd
338,2367875,34.0,False,False,6,,17,,2024-04-20T14:00:00Z,0,False,False,Burnley,Sheffield Utd
339,2367876,34.0,False,False,13,,18,,2024-04-20T14:00:00Z,0,False,False,Man City,Spurs
340,2367877,34.0,False,False,1,,20,,2024-04-20T14:00:00Z,0,False,False,Arsenal,Wolves
341,2367879,35.0,False,False,7,,2,,2024-04-27T14:00:00Z,0,False,False,Chelsea,Aston Villa
342,2367878,35.0,False,False,5,,3,,2024-04-27T14:00:00Z,0,False,False,Brighton,Bournemouth
343,2367880,35.0,False,False,4,,9,,2024-04-27T14:00:00Z,0,False,False,Brentford,Everton
344,2367881,35.0,False,False,8,,10,,2024-04-27T14:00:00Z,0,False,False,Crystal Palace,Fulham
345,2367882,35.0,False,False,6,,14,,2024-04-27T14:00:00Z,0,False,False,Burnley,Man Utd
346,2367883,35.0,False,False,17,,15,,2024-04-27T14:00:00Z,0,False,False,Sheffield Utd,Newcastle
347,2367884,35.0,False,False,13,,16,,2024-04-27T14:00:00Z,0,False,False,Man City,Nott'm Forest
348,2367885,35.0,False,False,1,,18,,2024-04-27T14:00:00Z,0,False,False,Arsenal,Spurs
349,2367886,35.0,False,False,11,,19,,2024-04-27T14:00:00Z,0,False,False,Liverpool,West Ham
350,2367887,35.0,False,False,12,,20,,2024-04-27T14:00:00Z,0,False,False,Luton,Wolves
351,2367888,36.0,False,False,3,,1,,2024-05-04T14:00:00Z,0,False,False,Bournemouth,Arsenal
352,2367889,36.0,False,False,10,,4,,2024-05-04T14:00:00Z,0,False,False,Fulham,Brentford
353,2367890,36.0,False,False,2,,5,,2024-05-04T14:00:00Z,0,False,False,Aston Villa,Brighton
354,2367891,36.0,False,False,15,,6,,2024-05-04T14:00:00Z,0,False,False,Newcastle,Burnley
355,2367892,36.0,False,False,19,,7,,2024-05-04T14:00:00Z,0,False,False,West Ham,Chelsea
356,2367893,36.0,False,False,14,,8,,2024-05-04T14:00:00Z,0,False,False,Man Utd,Crystal Palace
357,2367894,36.0,False,False,18,,11,,2024-05-04T14:00:00Z,0,False,False,Spurs,Liverpool
358,2367895,36.0,False,False,9,,12,,2024-05-04T14:00:00Z,0,False,False,Everton,Luton
359,2367896,36.0,False,False,20,,13,,2024-05-04T14:00:00Z,0,False,False,Wolves,Man City
360,2367897,36.0,False,False,16,,17,,2024-05-04T14:00:00Z,0,False,False,Nott'm Forest,Sheffield Utd
361,2367899,37.0,False,False,11,,2,,2024-05-11T14:00:00Z,0,False,False,Liverpool,Aston Villa
362,2367898,37.0,False,False,4,,3,,2024-05-11T14:00:00Z,0,False,False,Brentford,Bournemouth
363,2367900,37.0,False,False,17,,9,,2024-05-11T14:00:00Z,0,False,False,Sheffield Utd,Everton
364,2367901,37.0,False,False,13,,10,,2024-05-11T14:00:00Z,0,False,False,Man City,Fulham
365,2367902,37.0,False,False,1,,14,,2024-05-11T14:00:00Z,0,False,False,Arsenal,Man Utd
366,2367903,37.0,False,False,5,,15,,2024-05-11T14:00:00Z,0,False,False,Brighton,Newcastle
367,2367904,37.0,False,False,7,,16,,2024-05-11T14:00:00Z,0,False,False,Chelsea,Nott'm Forest
368,2367905,37.0,False,False,6,,18,,2024-05-11T14:00:00Z,0,False,False,Burnley,Spurs
369,2367906,37.0,False,False,12,,19,,2024-05-11T14:00:00Z,0,False,False,Luton,West Ham
370,2367907,37.0,False,False,8,,20,,2024-05-11T14:00:00Z,0,False,False,Crystal Palace,Wolves
371,2367908,38.0,False,False,9,,1,,2024-05-19T15:00:00Z,0,False,False,Everton,Arsenal
372,2367909,38.0,False,False,15,,4,,2024-05-19T15:00:00Z,0,False,False,Newcastle,Brentford
373,2367910,38.0,False,False,14,,5,,2024-05-19T15:00:00Z,0,False,False,Man Utd,Brighton
374,2367911,38.0,False,False,16,,6,,2024-05-19T15:00:00Z,0,False,False,Nott'm Forest,Burnley
375,2367912,38.0,False,False,3,,7,,2024-05-19T15:00:00Z,0,False,False,Bournemouth,Chelsea
376,2367913,38.0,False,False,2,,8,,2024-05-19T15:00:00Z,0,False,False,Aston Villa,Crystal Palace
377,2367914,38.0,False,False,20,,11,,2024-05-19T15:00:00Z,0,False,False,Wolves,Liverpool
378,2367915,38.0,False,False,10,,12,,2024-05-19T15:00:00Z,0,False,False,Fulham,Luton
379,2367916,38.0,False,False,19,,13,,2024-05-19T15:00:00Z,0,False,False,West Ham,Man City
380,2367917,38.0,False,False,18,,17,,2024-05-19T15:00:00Z,0,False,False,Spurs,Sheffield Utd
